open_time,open,high,low,close,volume,target_price,return_1d,ma_3d,ma_7d,vol_3d
2024-01-08,43916.9,47312.0,43158.1,46972.7,495087.983,46114.0,0.06958141398869211,44006.333333333336,44031.75714285714,1317.5666666666657
2024-01-09,46972.6,48100.0,44417.2,46114.0,513362.773,46662.9,-0.018280831206211157,44948.76666666666,44423.54285714286,1968.866666666666
2024-01-10,46113.9,47699.3,44291.5,46662.9,668657.474,46337.8,0.011903109684694435,45667.86666666666,44585.57142857143,2922.033333333335
2024-01-11,46663.0,49027.5,45600.0,46337.8,596698.379,42788.9,-0.006966990907123161,46583.200000000004,45130.34285714286,3748.1666666666692
2024-01-12,46337.9,46536.2,41370.0,42788.9,575943.258,42846.4,-0.07658758076559524,46371.56666666667,45443.77142857143,3506.033333333335
2024-01-13,42789.0,43273.4,42445.7,42846.4,207737.326,41734.9,0.0013438064544777362,45263.200000000004,45249.985714285714,4000.5
2024-01-14,42846.4,43096.1,41713.5,41734.9,181096.968,42515.0,-0.025941502670002614,43991.03333333333,45091.37142857142,3140.466666666667
2024-01-15,41734.9,43376.0,41720.0,42515.0,240059.141,43133.0,0.018691790324165014,42456.73333333333,44779.65714285715,2458.8333333333335
2024-01-16,42515.0,43589.0,42050.0,43133.0,287207.233,42783.4,0.014536046101375932,42365.433333333334,44142.84285714286,1288.7666666666676
2024-01-17,43133.0,43198.0,42200.0,42783.4,209396.081,41323.1,-0.008105163100178503,42460.96666666667,43716.985714285714,1525.866666666666
2024-01-18,42783.3,42932.3,40673.6,41323.1,335080.756,41662.2,-0.03413239714468708,42810.46666666667,43162.77142857143,1397.6666666666667
2024-01-19,41323.2,42197.0,40300.0,41662.2,345941.73,41691.8,0.008206063920664253,42413.166666666664,42446.385714285716,1598.5666666666682
2024-01-20,41662.1,41883.5,41453.6,41691.8,95866.062,41580.0,0.0007104761630447598,41922.9,42285.42857142857,1717.9000000000015
2024-01-21,41691.8,41880.9,41500.0,41580.0,67035.552,39567.0,-0.002681582469454491,41559.03333333333,42120.485714285714,1528.5333333333353
2024-01-22,41579.9,41692.3,39402.0,39567.0,459024.106,39890.0,-0.04841269841269846,41644.666666666664,42098.357142857145,902.6000000000009
2024-01-23,39567.1,40172.7,38545.0,39890.0,414373.386,40078.7,0.008163368463618648,40946.26666666667,41677.21428571428,1033.7000000000019
2024-01-24,39889.9,40560.6,39493.3,40078.7,272754.171,39953.3,0.004730508899473573,40345.666666666664,41213.92857142857,1432.9666666666672
2024-01-25,40078.8,40300.0,39535.3,39953.3,203728.679,41806.4,-0.003128843999430919,39845.23333333333,40827.54285714286,1661.7666666666653
2024-01-26,39953.3,42239.3,39813.1,41806.4,355418.478,42102.2,0.04638165057704868,39974.0,40631.857142857145,1153.23333333333
2024-01-27,41806.4,42187.1,41360.1,42102.2,118437.114,42021.2,0.007075471698113178,40612.799999999996,40652.45714285714,1419.399999999999
2024-01-28,42102.2,42836.0,41600.0,42021.2,205736.453,43287.7,-0.0019238899629948625,41287.299999999996,40711.08571428572,1339.3000000000004
2024-01-29,42021.2,43340.8,41768.3,43287.7,249502.11,42918.3,0.030139548608797417,41976.6,40774.114285714284,1496.4000000000015
2024-01-30,43287.6,43888.0,42665.6,42918.3,257582.784,42560.5,-0.00853360192387198,42470.36666666667,41305.642857142855,1211.8333333333333
2024-01-31,42918.3,43748.6,42257.6,42560.5,313069.11,43072.6,-0.008336770095740076,42742.399999999994,41738.25714285714,1343.633333333334
2024-02-01,42560.5,43288.0,41866.8,43072.6,274321.107,43182.0,0.012032283455316595,42922.166666666664,42092.799999999996,1428.633333333334
2024-02-02,43072.6,43480.0,42512.7,43182.0,205767.574,42992.4,0.0025398977540247447,42850.46666666667,42538.41428571429,1378.1999999999996
2024-02-03,43182.0,43372.2,42858.3,42992.4,89735.22,42570.3,-0.004390718354870038,42938.36666666667,42734.92857142857,1293.1666666666667
2024-02-04,42992.4,43112.1,42176.7,42570.3,127421.548,42692.9,-0.009818014346721693,43082.333333333336,42862.1,967.4666666666648
2024-02-05,42570.3,43580.0,42235.1,42692.9,240655.549,43079.1,0.002879942119270895,42914.9,42940.54285714286,805.5333333333328
2024-02-06,42692.9,43378.8,42559.8,43079.1,196157.643,44326.2,0.009046000623054384,42751.86666666667,42855.57142857143,931.3999999999991
2024-02-07,43079.1,44388.0,42763.4,44326.2,252057.708,45269.1,0.028949072752216143,42780.76666666667,42878.54285714286,1033.100000000001
2024-02-08,44326.3,45600.0,44306.8,45269.1,299738.288,47116.1,0.021271843740271024,43366.06666666666,43130.78571428572,1262.8333333333333
2024-02-09,45269.2,48230.3,45218.1,47116.1,519919.419,47732.6,0.04080045770735441,44224.799999999996,43444.57142857143,1245.5999999999985
2024-02-10,47116.1,48189.6,46836.4,47732.6,179626.604,48303.4,0.013084699285382362,45570.46666666667,44006.58571428572,1976.6666666666667
2024-02-11,47732.6,48600.0,47539.4,48303.4,209951.626,49943.6,0.0119582842753172,46705.93333333333,44683.75714285714,1886.1999999999996
2024-02-12,48303.4,50413.2,47702.0,49943.6,450895.202,49696.4,0.03395620184086412,47717.36666666667,45502.77142857143,1808.6666666666667
2024-02-13,49943.6,50428.8,48301.0,49696.4,382348.085,51823.2,-0.004949583129770341,48659.86666666666,46538.58571428571,1708.333333333331
2024-02-14,49696.4,52100.0,49215.7,51823.2,395191.791,51898.5,0.04279585644030548,49314.46666666667,47483.91428571429,1966.5333333333328
2024-02-15,51823.1,52859.0,51334.9,51898.5,392724.603,52148.6,0.001453017181494154,50487.73333333334,48554.91428571428,2574.4333333333343
2024-02-16,51898.4,52623.0,51611.7,52148.6,259819.793,51679.4,0.004819021744366436,51139.36666666667,49501.97142857143,2178.733333333335
2024-02-17,52148.7,52192.8,50647.5,51679.4,222342.005,52175.9,-0.008997365221693365,51956.76666666666,50220.9,1806.5666666666682
2024-02-18,51679.5,52450.0,51178.0,52175.9,166636.426,51813.8,0.009607309682387877,51908.833333333336,50784.72857142857,1360.2333333333347
2024-02-19,52175.9,52532.9,51688.8,51813.8,196387.978,52297.4,-0.0069399857022111044,52001.299999999996,51337.94285714285,1276.2000000000019
2024-02-20,51813.7,53090.9,50788.0,52297.4,388913.064,51877.8,0.009333420826111993,51889.700000000004,51605.114285714284,1220.4666666666672
2024-02-21,52297.3,52402.3,50528.4,51877.8,308127.301,51316.9,-0.008023343416689865,52095.700000000004,51976.68571428571,1473.0
2024-02-22,51877.9,52130.8,50967.5,51316.9,244144.647,50771.9,-0.010811946535897898,51996.333333333336,51984.485714285714,1673.633333333334
2024-02-23,51316.9,51576.3,50512.7,50771.9,215474.562,51602.1,-0.010620282986696372,51830.700000000004,51901.40000000001,1780.0333333333353
2024-02-24,50771.9,51736.6,50611.4,51602.1,104944.457,51764.9,0.01635156454653064,51322.200000000004,51704.72857142857,1366.9333333333368
2024-02-25,51602.1,52050.0,51300.4,51764.9,122177.26,54511.6,0.0031549103621753005,51230.299999999996,51693.68571428572,1117.3666666666686
2024-02-26,51764.9,54991.8,50922.5,54511.6,393466.231,57074.5,0.053061051021058514,51379.63333333333,51634.97142857143,979.4666666666672
2024-02-27,54511.7,57780.0,54495.0,57074.5,511475.535,62487.9,0.047015681066048254,52626.200000000004,52020.37142857143,1981.366666666666
2024-02-28,57074.5,64300.0,56730.1,62487.9,1010118.442,61203.3,0.09484796187439226,54450.333333333336,52702.81428571429,2701.3000000000006
2024-02-29,62487.9,63762.8,60452.0,61203.3,584713.883,62430.6,-0.020557579947477755,58024.666666666664,54218.54285714286,4974.7333333333345
2024-03-01,61203.3,63199.0,60844.8,62430.6,299231.827,62039.9,0.020052840288023566,60255.23333333334,55630.885714285716,4721.9000000000015
2024-03-02,62430.6,62513.1,61605.0,62039.9,159283.629,63178.5,-0.006258149048703587,62040.6,57296.41428571429,4411.633333333334
2024-03-03,62039.9,63330.9,61339.5,63178.5,200312.503,68296.4,0.018352705275153536,61891.26666666667,58787.52857142857,2191.033333333333
2024-03-04,63178.5,68600.0,62299.0,68296.4,632882.144,63747.4,0.08100698813678697,62549.666666666664,60418.042857142864,1751.2333333333324
2024-03-05,68296.5,69350.0,59112.0,63747.4,1053025.132,66128.1,-0.06660673183359578,64504.93333333333,62387.299999999996,3066.8333333333335
2024-03-06,63747.5,67729.5,62829.3,66128.1,534011.813,66870.0,0.03734583684981674,65074.100000000006,63340.57142857143,6176.8
2024-03-07,66128.0,68101.3,65609.3,66870.0,296092.788,68180.2,0.011219133772178536,66057.3,63860.6,7146.399999999999
2024-03-08,66870.0,70330.8,66120.0,68180.2,459387.207,68360.1,0.019593240616120777,65581.83333333334,64670.12857142857,5876.733333333333
2024-03-09,68180.2,68608.7,67908.7,68360.1,94899.005,69001.8,0.002638595956010903,67059.43333333335,65491.5,3867.6666666666665
2024-03-10,68360.2,69999.8,68155.0,69001.8,233596.523,72153.8,0.009387054729293798,67803.43333333335,66394.3857142857,2467.600000000001
2024-03-11,69001.8,72890.0,67000.0,72153.8,474396.897,71503.2,0.045679967768956775,68514.03333333334,67226.28571428571,2251.8666666666686
2024-03-12,72153.9,73370.0,68600.0,71503.2,472072.331,73127.6,-0.009016850117388175,69838.56666666667,67777.34285714287,2811.600000000001
2024-03-13,71503.3,73755.0,71388.1,73127.6,288446.338,71455.5,0.022717864375300767,70886.26666666668,68885.31428571428,4168.266666666667
2024-03-14,73127.6,73881.4,68600.0,71455.5,513901.237,69552.2,-0.022865511790350124,72261.53333333334,69885.24285714286,4342.299999999998
2024-03-15,71455.6,72500.0,65580.0,69552.2,705810.685,65351.0,-0.026636158168370616,72028.76666666668,70540.31428571428,4139.43333333333
2024-03-16,69552.1,70097.6,64750.0,65351.0,333426.129,68447.9,-0.06040355301485789,71378.43333333335,70736.31428571428,4856.099999999996
2024-03-17,65351.0,68972.4,64559.8,68447.9,314890.309,67660.0,0.047388716316506097,68786.23333333334,70306.44285714286,5849.666666666667
2024-03-18,68447.9,69044.4,66601.6,67660.0,317885.916,61974.1,-0.01151094482080528,67783.70000000001,70227.31428571428,5560.066666666666
2024-03-19,67660.0,68178.6,61582.8,61974.1,700466.795,67876.4,-0.0840363582618977,67152.96666666667,69585.34285714285,4067.666666666662
2024-03-20,61974.1,68140.0,60800.0,67876.4,637362.465,65539.9,0.09523817207510876,66027.33333333333,68224.04285714285,4483.733333333327
2024-03-21,67876.4,68293.9,64550.1,65539.9,347218.385,63826.0,-0.03442286273284967,65836.83333333333,67473.87142857142,5459.53333333333
2024-03-22,65539.9,66691.9,62294.0,63826.0,401149.333,64020.3,-0.026150482377910178,65130.13333333334,66628.78571428571,5893.2
2024-03-23,63826.1,66050.0,63020.2,64020.3,239124.0,67260.9,0.0030442139566948523,65747.43333333333,65810.75714285714,5160.566666666663
2024-03-24,64020.4,67700.0,63822.0,67260.9,244179.435,69920.5,0.05061831950178286,64462.06666666667,65620.65714285713,3723.8333333333308
2024-03-25,67260.9,71228.3,66427.6,69920.5,395156.191,70044.1,0.03954154642593255,65035.73333333334,65451.08571428571,3768.5666666666657
2024-03-26,69920.6,71649.0,69320.0,70044.1,307861.116,69532.6,0.0017677219127438804,67067.23333333334,65774.01428571428,3902.8333333333335
2024-03-27,70044.2,71888.0,68364.8,69532.6,407286.574,70838.7,-0.007302542255521849,69075.16666666667,66926.87142857142,3669.233333333332
2024-03-28,69532.6,71636.2,68941.0,70838.7,241970.822,69903.6,0.01878399484558302,69832.40000000001,67163.47142857143,3550.966666666665
2024-03-29,70838.8,70976.9,69000.0,69903.6,187970.841,69642.1,-0.013200411639400333,70138.46666666667,67920.44285714286,2849.1333333333314
2024-03-30,69903.6,70388.0,69577.2,69642.1,91126.75,71363.0,-0.003740865992595488,70091.63333333335,68788.67142857143,2731.766666666663
2024-03-31,69642.0,71495.5,69608.0,71363.0,132458.79,69700.0,0.024710627623233616,70128.13333333335,69591.78571428571,1827.6333333333314
2024-04-01,71363.0,71388.0,68103.3,69700.0,282812.126,65505.3,-0.023303392514328114,70302.90000000001,70177.8,1558.399999999999
2024-04-02,69700.0,69731.6,64603.2,65505.3,499041.572,65971.9,-0.060182209469153425,70235.03333333334,70146.3,1994.3333333333333
2024-04-03,65502.4,66940.0,64500.0,65971.9,275041.23,68489.9,0.007123087750151358,68856.1,69497.9,3433.533333333335
2024-04-04,65971.8,69329.7,65100.0,68489.9,326385.338,67825.7,0.0381677653667698,67059.06666666667,68989.22857142858,3617.700000000002
2024-04-05,68489.8,68787.1,65966.0,67825.7,313547.293,68901.6,-0.009697780256650912,66655.7,68653.68571428572,3932.700000000002
2024-04-06,67825.8,69708.0,67450.0,68901.6,127343.726,69362.7,0.015862718703972156,67429.16666666667,68356.84285714285,3163.600000000001
2024-04-07,68901.5,70395.0,68820.6,69362.7,171783.436,71678.4,0.006692152286739139,68405.73333333334,68251.05714285714,3102.9333333333343
2024-04-08,69362.7,72890.4,69040.4,71678.4,297237.449,69189.3,0.033385378596853865,68696.66666666667,67965.3,2217.8333333333335
2024-04-09,71678.3,71820.6,68216.0,69189.3,334059.403,70681.7,-0.034725942543360255,69980.90000000001,68247.92857142857,2560.799999999998
2024-04-10,69189.2,71412.2,67546.2,70681.7,337774.756,70055.7,0.021569809204602386,70076.8,68774.21428571429,3009.6666666666665
2024-04-11,70681.8,71387.4,69592.6,70055.7,256194.153,67136.4,-0.008856606448345183,70516.46666666666,69447.04285714285,3773.533333333335
2024-04-12,70055.6,71297.0,65102.0,67136.4,415528.149,63939.7,-0.04167112740290946,69975.56666666667,69670.72857142857,3088.466666666665
2024-04-13,67136.4,67975.4,59652.5,63939.7,515005.203,65615.9,-0.04761500467704549,69291.26666666666,69572.25714285714,3951.9333333333293
2024-04-14,63939.7,65822.1,62139.3,65615.9,395770.133,63392.7,0.02621532475128907,67043.93333333333,68863.41428571429,5437.566666666661
2024-04-15,65615.9,66874.9,62242.5,63392.7,381532.225,63765.0,-0.03388203164172099,65564.0,68328.15714285713,6066.899999999999
2024-04-16,63392.8,64356.3,61521.0,63765.0,405931.439,61254.5,0.00587291596666506,64316.1,67144.4857142857,5546.03333333333
2024-04-17,63764.9,64483.3,59625.0,61254.5,444032.992,63445.0,-0.039371128361954,64257.86666666667,66369.58571428571,3716.8333333333335
2024-04-18,61254.5,64100.0,60763.8,63445.0,363302.394,63787.4,0.035760637993943245,62804.06666666667,65022.84285714285,4108.666666666667
2024-04-19,63445.0,65480.0,59541.0,63787.4,574264.058,64897.2,0.005396800378280497,62821.5,64078.457142857136,3676.600000000001
2024-04-20,63787.4,65400.0,63045.1,64897.2,197142.262,64912.6,0.017398420377692014,62828.966666666674,63600.02857142857,4711.166666666667
2024-04-21,64897.2,65678.7,64214.2,64912.6,160533.948,66778.0,0.00023729837342756355,64043.200000000004,63736.81428571428,3876.6999999999994
2024-04-22,64912.7,67222.0,64470.5,66778.0,246268.411,66386.3,0.028737101887769123,64532.4,63636.34285714286,3252.8000000000006
2024-04-23,66777.9,67158.9,65750.0,66386.3,178665.564,64250.0,-0.005865704273862571,65529.26666666667,64119.95714285714,2190.3000000000006
2024-04-24,66386.2,67068.2,63575.0,64250.0,280545.061,64478.8,-0.03217983228467325,66025.63333333335,64494.42857142857,1874.9666666666647
2024-04-25,64250.0,65270.6,62721.3,64478.8,275211.062,63748.8,0.0035610894941635607,65804.76666666668,64922.357142857145,2551.199999999997
2024-04-26,64478.8,64783.1,63291.5,63748.8,202149.813,63421.0,-0.011321550649205592,65038.366666666676,65070.04285714286,2483.7999999999956
2024-04-27,63748.7,63901.4,62332.8,63421.0,167349.109,63088.3,-0.005142057575985737,64159.20000000001,65064.528571428564,2511.3666666666636
2024-04-28,63420.9,64350.0,62700.0,63088.3,126056.151,63842.4,-0.00524589646962359,63882.866666666676,64853.642857142855,1869.833333333331
2024-04-29,63088.4,64200.0,61726.2,63842.4,228411.163,60651.2,0.011953087973522791,63419.366666666676,64593.02857142857,1570.0666666666657
2024-04-30,63842.4,64700.0,59150.0,60651.2,408747.703,58307.6,-0.04998558951417875,63450.56666666667,64173.65714285714,1897.4666666666672
2024-05-01,60651.2,60816.7,56537.7,58307.6,564108.4,59036.7,-0.03864062046587702,62527.30000000001,63354.357142857145,3224.600000000001
2024-05-02,58307.7,59637.3,56951.6,59036.7,299229.302,62853.7,0.012504373357846932,60933.73333333334,62505.44285714285,4100.933333333334
2024-05-03,59036.7,63333.0,58781.3,62853.7,353606.459,63864.2,0.06465469784049582,59331.833333333336,61728.0,4171.566666666668
2024-05-04,62853.7,64547.9,62520.0,63864.2,205205.199,63988.0,0.01607701694570096,60066.0,61600.12857142857,3838.8000000000006
2024-05-05,63864.3,64644.3,62833.0,63988.0,185495.653,63142.8,0.0019384882297124317,61918.200000000004,61663.442857142865,3088.4333333333343
2024-05-06,63987.9,65500.0,62655.3,63142.8,305110.067,62296.0,-0.013208726636244283,63568.63333333334,61791.97142857143,2796.966666666667
2024-05-07,63142.7,64392.2,62203.6,62296.0,238974.646,61157.9,-0.013410871865042417,63665.0,61692.02857142857,2227.966666666667
2024-05-08,62296.0,62994.9,60843.6,61157.9,241651.579,63050.1,-0.018269230769230704,63142.26666666667,61927.0,2281.533333333333
2024-05-09,61157.9,63447.2,60550.0,63050.1,242451.302,60778.1,0.030939584256490127,62198.9,62334.18571428572,2394.8666666666663
2024-05-10,63050.0,63446.5,60117.4,60778.1,307214.96,60809.2,-0.036034835789316766,62168.0,62907.52857142857,2412.3666666666663
2024-05-11,60778.0,61491.4,60432.6,60809.2,113294.787,61455.8,0.0005116974699768129,61662.03333333333,62611.014285714286,2792.533333333333
2024-05-12,60809.2,61849.4,60557.3,61455.8,104043.897,62912.1,0.010633259441005682,61545.80000000001,62174.58571428571,2428.3666666666663
2024-05-13,61455.7,63440.0,60750.0,62912.1,261927.073,61550.5,0.023696705599796752,61014.36666666667,61812.84285714285,1893.3333333333333
2024-05-14,62912.2,63099.6,60950.0,61550.5,244345.274,66175.4,-0.02164289540485853,61725.700000000004,61779.885714285716,1680.3000000000004
2024-05-15,61550.5,66440.0,61316.1,66175.4,365031.68,65217.7,0.07513992575202466,61972.80000000001,61673.385714285716,2043.899999999999
2024-05-16,66175.4,66800.0,64567.0,65217.7,242455.324,66980.0,-0.01447214523826068,63546.0,62390.17142857142,3321.1666666666665
2024-05-17,65217.7,67400.6,65061.2,66980.0,227063.919,66884.9,0.027021805430121004,64314.53333333333,62699.82857142857,3168.8333333333335
2024-05-18,66980.0,67340.5,66503.2,66884.9,96931.548,66239.4,-0.0014198268139744563,66124.36666666667,63585.81428571429,3232.1000000000035
2024-05-19,66884.9,67750.0,65835.8,66239.4,148170.35,71466.5,-0.009650907753468996,66360.86666666667,64453.77142857143,1803.2333333333372
2024-05-20,66239.4,71674.6,66010.0,71466.5,366028.078,70168.8,0.07891224860128565,66701.43333333333,65137.142857142855,1696.9666666666697
2024-05-21,71466.5,72132.8,69165.6,70168.8,263674.327,69219.1,-0.018158158018092396,68196.93333333333,66359.2,2805.3666666666686
2024-05-22,70168.7,70715.4,68736.8,69219.1,194160.494,67999.9,-0.013534505364207416,69291.56666666667,67590.3857142857,3515.3333333333335
2024-05-23,69219.2,70133.3,66156.6,67999.9,300093.622,68584.1,-0.01761363554279105,70284.8,68025.2,3536.799999999998
2024-05-24,67999.9,69273.5,66639.0,68584.1,186681.082,69314.4,0.008591189104689922,69129.26666666666,68422.65714285713,2974.166666666662
2024-05-25,68584.0,69622.8,68523.7,69314.4,85113.605,68524.3,0.0106482406272006,68601.03333333334,68651.81428571428,2863.266666666663
2024-05-26,69314.5,69590.3,68155.0,68524.3,84069.824,69461.6,-0.011398785822282154,68632.8,68998.88571428572,2570.100000000001
2024-05-27,68524.4,70750.0,68268.7,69461.6,170291.356,68440.5,0.01367835935573214,68807.6,69325.3,1722.9666666666697
2024-05-28,69461.5,69628.0,67273.0,68440.5,227838.44,67686.7,-0.014700208460502018,69100.1,69038.88571428572,1671.900000000004
2024-05-29,68440.4,68983.0,67129.0,67686.7,158236.599,68402.5,-0.011013946420613596,68808.8,68791.98571428572,2090.533333333335
2024-05-30,67686.8,69568.9,67167.0,68402.5,194573.899,67577.9,0.010575194240523,68529.60000000002,68573.07142857143,2230.100000000001
2024-05-31,68402.6,69080.0,66700.5,67577.9,195751.752,67799.2,-0.012055114944629297,68176.56666666667,68630.58571428571,2203.6333333333314
2024-06-01,67577.9,67936.0,67480.0,67799.2,50943.058,67805.9,0.0032747392268774878,67889.03333333333,68486.84285714285,2211.799999999998
2024-06-02,67799.2,68545.9,67296.3,67805.9,102194.718,68851.4,9.882122502924418e-05,67926.53333333334,68270.38571428572,1745.7999999999981
2024-06-03,67805.9,70372.9,67642.6,68851.4,227676.93,70580.0,0.015419012209851868,67727.66666666667,68167.75714285715,1361.699999999997
2024-06-04,68851.3,71146.4,68595.5,70580.0,216100.016,71133.3,0.02510624330078981,68152.16666666667,68080.58571428571,1478.6333333333266
2024-06-05,70580.0,71824.4,70423.6,71133.3,203992.034,70830.0,0.007839331255313109,69079.09999999999,68386.22857142857,2176.9333333333248
2024-06-06,71133.3,71714.8,70101.9,70830.0,158483.564,69377.0,-0.004263825803104915,70188.23333333334,68878.59999999999,2227.3333333333235
2024-06-07,70830.0,72144.0,68405.0,69377.0,299412.37,69346.5,-0.020513906536778204,70847.76666666666,69225.3857142857,1854.8666666666638
2024-06-08,69377.0,69613.6,69192.3,69346.5,65739.857,69667.1,-0.00043962696570909454,70446.76666666666,69482.4,2250.899999999999
2024-06-09,69346.6,69879.0,69160.0,69667.1,68024.1,69558.7,0.004623160505577095,69851.16666666667,69703.44285714286,1924.400000000004
2024-06-10,69667.1,70222.7,69201.2,69558.7,127381.604,67320.7,-0.0015559711829544742,69463.53333333334,69969.32857142857,1626.4333333333343
2024-06-11,69558.8,69600.0,66000.0,67320.7,311984.942,68270.3,-0.032174264326389035,69524.1,70070.37142857142,720.6000000000009
2024-06-12,67320.6,70028.0,66920.0,68270.3,329918.46,66786.9,0.014105616845933033,68848.83333333333,69604.75714285714,1780.1666666666667
2024-06-13,68270.3,68607.7,66251.1,66786.9,248355.461,66039.7,-0.02172833574775579,68383.23333333334,69195.75714285715,2576.5
2024-06-14,66786.8,67366.5,65052.4,66039.7,239411.231,66213.7,-0.011187822761649313,67459.3,68618.17142857143,3021.5333333333306
2024-06-15,66039.7,66482.6,65801.0,66213.7,72423.755,66653.6,0.002634778777008462,67032.3,68141.41428571429,2592.8999999999965
2024-06-16,66213.7,66960.3,66012.1,66653.6,80361.551,66472.1,0.006643640213430224,66346.76666666668,67693.87142857142,1784.0999999999985
2024-06-17,66653.5,67280.6,65094.9,66472.1,248420.787,65150.0,-0.0027230337146080252,66302.33333333334,67263.37142857142,1314.633333333334
2024-06-18,66472.1,66558.9,64009.8,65150.0,335559.394,64933.6,-0.019889547644801442,66446.46666666667,66822.42857142857,1271.8333333333358
2024-06-19,65149.9,65711.9,64600.0,64933.6,150032.669,64854.0,-0.0033215656178050557,66091.90000000001,66512.32857142857,1894.333333333331
2024-06-20,64933.6,66467.0,64526.0,64854.0,220954.676,64124.0,-0.0012258676555743087,65518.56666666668,66035.65714285713,1948.8999999999967
2024-06-21,64854.0,65055.5,63361.2,64124.0,210109.601,64240.0,-0.011256052055385934,64979.200000000004,65759.52857142857,1867.3333333333285
2024-06-22,64124.1,64520.0,63915.8,64240.0,53855.862,63194.9,0.001808995072047903,64637.200000000004,65485.857142857145,1582.399999999999
2024-06-23,64240.1,64500.0,63137.9,63194.9,72052.293,60273.6,-0.01626867995018677,64406.0,65203.90000000001,1413.1666666666667
2024-06-24,63194.9,63357.0,58218.0,60273.6,445903.184,61777.8,-0.046226831595587714,63852.966666666674,64709.799999999996,1220.1999999999996
2024-06-25,60273.5,62448.1,60230.5,61777.8,264647.317,60860.1,0.024956199729234685,62569.5,63824.3,2368.433333333332
2024-06-26,61777.9,62465.1,60696.0,60860.1,170601.18,61682.0,-0.014854850771636507,61748.76666666667,63342.557142857135,2906.233333333332
2024-06-27,60860.1,62379.7,60605.0,61682.0,160172.482,60429.8,0.013504742844655304,60970.5,62760.62857142858,3041.899999999999
2024-06-28,61682.1,62204.0,60038.0,60429.8,195508.125,60982.4,-0.020300898155053315,61439.966666666674,62307.485714285714,1920.4666666666647
2024-06-29,60429.8,61232.0,60400.1,60982.4,79680.289,62766.0,0.00914449493461822,60990.63333333334,61779.74285714286,1903.2666666666653
2024-06-30,60982.5,63058.4,60705.0,62766.0,147777.915,62883.6,0.02924778296688868,61031.4,61314.37142857142,1590.866666666666
2024-07-01,62766.1,63849.0,62502.2,62883.6,193937.938,62123.6,0.0018736258483891266,61392.73333333334,61253.09999999999,1783.7666666666676
2024-07-02,62883.7,63284.0,61800.0,62123.6,163101.243,60208.0,-0.01208582205853359,62210.666666666664,61625.95714285714,1510.7000000000019
2024-07-03,62123.5,62278.2,59299.3,60208.0,295303.265,57045.9,-0.03083530252593214,62591.06666666667,61675.357142857145,1728.0666666666682
2024-07-04,60208.0,60500.0,56560.0,57045.9,445656.277,56604.9,-0.05251959872442202,61738.4,61582.200000000004,1936.5666666666657
2024-07-05,57045.9,57533.4,53329.5,56604.9,577193.595,58216.0,-0.007730616924266243,59792.5,60919.90000000001,2800.966666666665
2024-07-06,56604.9,58472.0,56000.0,58216.0,178580.022,55830.9,0.028462200268881244,57952.93333333334,60373.48571428571,3707.5999999999985
2024-07-07,58216.0,58443.0,55688.0,55830.9,210361.981,56686.4,-0.04096983647107322,57288.93333333334,59978.28571428572,3538.6333333333337
2024-07-08,55831.0,58200.0,54243.1,56686.4,464106.957,58023.2,0.01532305587049465,56883.93333333334,58987.55714285715,3143.6333333333337
2024-07-09,56686.4,58290.6,56256.2,58023.2,257237.048,57707.0,0.023582376019644746,56911.100000000006,58102.24285714286,3061.3000000000006
2024-07-10,58023.1,59449.6,57125.0,57707.0,254248.937,57315.5,-0.005449544320202948,56846.83333333334,57516.47142857143,2915.4333333333343
2024-07-11,57707.0,59780.0,57030.0,57315.5,293106.959,57870.0,-0.00678427227199474,57472.200000000004,57159.18571428571,2771.966666666667
2024-07-12,57315.7,58500.0,56500.1,57870.0,238100.616,59174.0,0.009674520853870217,57681.9,57197.7,2369.6666666666665
2024-07-13,57870.0,59850.0,57728.6,59174.0,157884.322,60766.0,0.022533264212891035,57630.833333333336,57378.42857142857,2358.1666666666665
2024-07-14,59173.9,61412.4,59164.0,60766.0,208060.883,64680.6,0.02690370770946693,58119.833333333336,57515.28571428572,2290.4333333333343
2024-07-15,60766.0,64870.7,60622.6,64680.6,352222.181,65010.0,0.06442089326267975,59270.0,58220.299999999996,2123.233333333335
2024-07-16,64680.6,65388.0,62350.0,65010.0,375258.616,64055.7,0.0050927171362047385,61540.200000000004,59362.32857142857,2872.6333333333337
2024-07-17,65010.0,66100.0,63823.0,64055.7,276656.393,63959.9,-0.014679280110752257,63485.53333333333,60360.442857142865,3178.1666666666665
2024-07-18,64055.8,65173.8,63206.4,63959.9,215648.157,66627.9,-0.0014955733837893614,64582.1,61267.40000000001,3187.6999999999994
2024-07-19,63960.0,67362.8,63266.2,66627.9,311859.805,67095.6,0.041713636200181536,64341.86666666667,62216.6,2427.466666666667
2024-07-20,66627.9,67648.7,66159.1,67095.6,123564.406,68138.0,0.007019581886867465,64881.166666666664,63467.72857142857,2780.3333333333358
2024-07-21,67095.6,68351.2,65750.0,68138.0,207228.372,67499.2,0.015536041111488652,65894.46666666667,64599.385714285716,2517.8666666666663
2024-07-22,68138.0,68459.7,66538.6,67499.2,192991.391,65916.4,-0.00937509172561568,67287.16666666667,65652.52857142857,2729.1333333333314
2024-07-23,67499.2,67729.3,65416.5,65916.4,270430.68,65350.8,-0.023449166804939914,67577.6,66055.18571428572,2003.9666666666599
2024-07-24,65916.3,67087.3,65040.5,65350.8,215079.421,65773.0,-0.008580565686232777,67184.53333333334,66184.67142857143,2278.3666666666636
2024-07-25,65350.7,66144.0,63456.7,65773.0,319685.441,67882.5,0.006460517698329671,66255.46666666667,66369.68571428572,2093.5666666666657
2024-07-26,65773.0,68200.0,65688.2,67882.5,235384.526,67873.8,0.03207243093670664,65680.06666666667,66628.7,2348.9666666666694
2024-07-27,67882.5,69381.7,66624.5,67873.8,330982.647,68215.5,-0.00012816263396309147,66335.43333333335,66807.92857142857,2415.300000000003
2024-07-28,67873.7,68300.0,67037.0,68215.5,116913.935,66750.0,0.005034343148608178,67176.43333333333,66919.1,2652.100000000001
2024-07-29,68215.5,70081.0,66365.8,66750.0,372537.818,66159.3,-0.02148338720671983,67990.6,66930.17142857143,2177.3333333333335
2024-07-30,66750.1,66966.6,65254.5,66159.3,246551.044,64601.8,-0.00884943820224715,67613.1,66823.14285714286,2578.466666666665
2024-07-31,66159.3,66826.3,64500.4,64601.8,246389.446,65328.9,-0.023541663832598037,67041.59999999999,66857.84285714287,2230.100000000001
2024-08-01,64601.8,65650.0,62271.2,65328.9,372654.59,61483.7,0.011255104346937772,65837.03333333334,66750.84285714285,2584.4000000000015
2024-08-02,65329.0,65577.0,61200.2,61483.7,421628.42,60684.6,-0.05885909605090556,65363.33333333334,66687.40000000001,2472.26666666667
2024-08-03,61483.7,62166.0,59800.0,60684.6,290469.956,58144.5,-0.012996940652563183,63804.80000000001,65773.28571428572,3360.5000000000023
2024-08-04,60684.5,61089.5,57040.0,58144.5,339512.415,54003.1,-0.04185740698628648,62499.06666666667,64746.25714285714,3373.8666666666686
2024-08-05,58144.5,58286.9,48888.0,54003.1,1281982.025,55991.2,-0.07122599729983059,60104.26666666667,63307.54285714286,3597.4333333333343
2024-08-06,54003.5,56999.9,53925.3,55991.2,435953.439,55102.9,0.03681455323861038,57610.73333333334,61486.557142857135,5271.466666666667
2024-08-07,55991.3,57699.0,54519.8,55102.9,377442.54,61659.8,-0.015864993070339506,56046.26666666667,60033.97142857143,5507.666666666667
2024-08-08,55102.9,62737.2,54672.4,61659.8,470117.508,60808.6,0.11899373717172779,55032.4,58676.985714285714,5217.566666666666
2024-08-09,61659.8,61726.0,59500.0,60808.6,308674.339,60889.9,-0.013804780424198637,57584.63333333334,58152.82857142857,4772.866666666664
2024-08-10,60808.6,61450.0,60208.5,60889.9,115593.354,58693.1,0.0013369819400546046,59190.43333333334,58056.38571428571,4489.999999999997
2024-08-11,60889.8,62000.0,58255.4,58693.1,202539.076,59323.6,-0.036078233007444616,61119.43333333334,58085.71428571428,3844.0999999999985
2024-08-12,58693.1,60666.0,57615.0,59323.6,367126.29,60550.5,0.010742318943794071,60130.53333333333,58164.08571428571,2404.033333333333
2024-08-13,59323.7,61545.0,58360.0,60550.5,255934.721,58648.1,0.020681482580288568,59635.53333333333,58924.15714285715,2679.033333333333
2024-08-14,60550.4,61839.7,58367.2,58648.1,295662.808,57511.0,-0.03141840282078601,59522.4,59575.485714285714,3326.8666666666663
2024-08-15,58648.1,59820.0,55969.0,57511.0,360815.946,58854.9,-0.019388522390324625,59507.4,60081.94285714285,3236.1666666666665
2024-08-16,57511.1,59780.2,57062.1,58854.9,268756.529,59468.5,0.02336770356975193,58903.200000000004,59489.25714285714,3502.8333333333335
2024-08-17,58854.9,59690.2,58769.4,59468.5,77085.532,58390.0,0.010425640006184622,58338.0,59210.15714285715,3347.1999999999994
2024-08-18,59468.5,60250.0,58352.0,58390.0,149660.264,59398.5,-0.018135651647510853,58611.466666666674,59007.1,2496.6333333333314
2024-08-19,58390.1,59585.4,57750.0,59398.5,214043.139,58982.9,0.017271793115259504,58904.466666666674,58963.8,1845.6333333333314
2024-08-20,59398.4,61386.0,58501.1,58982.9,287049.13,61120.0,-0.0069968096837461635,59085.666666666664,58974.5,1551.399999999999
2024-08-21,58982.7,61793.9,58728.9,61120.0,270583.679,60349.9,0.036232535192403104,58923.80000000001,58750.557142857135,2206.100000000001
2024-08-22,61120.0,61392.0,59677.6,60349.9,211098.959,64019.9,-0.012599803664921416,59833.80000000001,59103.68571428571,2595.100000000001
2024-08-23,60349.9,65000.0,60301.5,64019.9,382490.709,64116.5,0.060812031171551206,60150.93333333334,59509.24285714286,2554.766666666668
2024-08-24,64020.0,64472.5,63522.7,64116.5,132741.902,64190.2,0.0015089058245951747,61829.93333333334,60247.1,3159.3000000000006
2024-08-25,64116.6,65175.4,63731.3,64190.2,115546.888,62807.6,0.0011494701051990575,62828.76666666667,60911.1,2454.233333333335
2024-08-26,64190.1,64455.8,62750.2,62807.6,195977.222,59384.5,-0.021539113447224034,64108.86666666667,61739.7,2364.1333333333337
2024-08-27,62807.7,63196.0,57928.2,59384.5,339269.805,59010.0,-0.05450136607671685,63704.76666666667,62226.71428571428,1366.5000000000025
2024-08-28,59384.4,60197.8,57820.0,59010.0,313788.567,59323.2,-0.0063063594035480675,62127.43333333334,62284.08571428572,2805.8333333333358
2024-08-29,59010.0,61144.9,58655.0,59323.2,233896.685,59096.3,0.005307574987290176,60400.700000000004,61982.65714285715,3117.0666666666707
2024-08-30,59323.3,59914.9,57525.0,59096.3,268276.469,58941.9,-0.003824810529438616,59239.23333333334,61835.985714285714,3378.5000000000023
2024-08-31,59096.4,59436.0,58700.0,58941.9,68866.674,57268.1,-0.0026126847196863423,59143.166666666664,61132.614285714284,2419.200000000002
2024-09-01,58941.9,59052.7,57123.0,57268.1,222909.914,59112.1,-0.028397455799694327,59120.466666666674,60393.38571428571,1871.9333333333343
2024-09-02,57268.1,59412.3,57093.0,59112.1,201218.384,57451.9,0.032199426906078576,58435.43333333334,59404.51428571429,1685.1999999999996
2024-09-03,59112.2,59790.0,57320.0,57451.9,230196.497,57944.8,-0.028085620372140352,58440.700000000004,58876.58571428571,1661.6666666666667
2024-09-04,57452.0,58500.0,55555.0,57944.8,326983.311,56145.7,0.008579350726433788,57944.03333333335,58600.5,2239.6666666666665
2024-09-05,57944.8,58318.9,55600.0,56145.7,294703.592,53927.7,-0.031048515138545785,58169.600000000006,58448.32857142857,2578.100000000001
2024-09-06,56145.7,57000.0,52510.8,53927.7,479063.113,54134.9,-0.03950436097510579,57180.80000000001,57994.4,2711.3000000000006
2024-09-07,53927.7,54820.2,53725.0,54134.9,127686.594,54839.6,0.003842181290876656,56006.06666666667,57256.028571428564,3384.3666666666663
2024-09-08,54134.9,55300.0,53596.5,54839.6,162078.536,57010.0,0.013017480405431492,54736.100000000006,56569.31428571429,2767.766666666665
2024-09-09,54839.6,58153.2,54557.0,57010.0,313094.361,57609.1,0.03957723980481265,54300.73333333334,56222.38571428571,2429.299999999998
2024-09-10,57010.1,58033.2,56361.0,57609.1,228317.676,57306.0,0.010508682687247806,55328.166666666664,55922.08571428571,2131.6333333333314
2024-09-11,57609.2,57954.4,55515.2,57306.0,338231.445,58097.0,-0.005261321562044841,56486.23333333334,55944.54285714286,2323.966666666665
2024-09-12,57305.6,58606.6,57283.1,58097.0,261449.688,60456.2,0.013803092171849274,57308.36666666667,55853.28571428572,2569.1999999999994
2024-09-13,58097.1,60597.0,57594.0,60456.2,277429.492,59964.0,0.04060794877532392,57670.700000000004,56132.04285714286,1811.633333333334
2024-09-14,60456.2,60572.9,59360.1,59964.0,102580.577,59100.5,-0.008141431317218006,58619.73333333334,57064.68571428571,2255.233333333335
2024-09-15,59963.9,60369.4,58654.0,59100.5,130524.206,58187.0,-0.01440030685077709,59505.73333333334,57897.41428571429,1846.4333333333343
2024-09-16,59100.5,59182.2,57446.3,58187.0,250699.432,60281.0,-0.015456722024348335,59840.23333333334,58506.11428571429,1977.0666666666682
2024-09-17,58187.0,61345.0,57588.8,60281.0,318442.066,61735.3,0.03598741987041776,59083.83333333334,58674.25714285715,1554.6999999999996
2024-09-18,60281.0,61765.0,59138.0,61735.3,355729.312,62926.9,0.024125346294852523,59189.50000000001,59055.95714285714,2402.4999999999977
2024-09-19,61735.3,63830.1,61534.0,62926.9,302382.412,63175.7,0.019301760905025223,60067.76666666667,59688.71428571428,2706.3666666666636
2024-09-20,62926.9,64126.7,62320.0,63175.7,257172.835,63320.6,0.003953794005425282,61647.73333333334,60378.700000000004,2893.0999999999985
2024-09-21,63175.8,63546.9,62714.2,63320.6,78248.362,63558.4,0.002293603394976307,62612.63333333334,60767.2,2243.266666666665
2024-09-22,63320.6,64000.0,62339.0,63558.4,149129.884,63302.0,0.0037554918936333337,63141.06666666667,61246.71428571428,1645.1666666666667
2024-09-23,63558.5,64724.8,62534.4,63302.0,234343.564,64243.1,-0.0040340851877957995,63351.56666666667,61883.557142857135,1433.4666666666672
2024-09-24,63302.1,64666.0,62688.2,64243.1,236987.628,63118.4,0.014866828852168945,63393.666666666664,62614.271428571425,1561.3666666666686
2024-09-25,64243.2,64800.0,62910.0,63118.4,184950.772,65139.2,-0.01750693848833562,63701.166666666664,63180.28571428572,1943.0666666666682
2024-09-26,63118.3,65800.0,62634.4,65139.2,321186.356,65749.6,0.03201602068493492,63554.5,63377.87142857142,2019.4000000000015
2024-09-27,65139.1,66450.0,64788.0,65749.6,226404.021,65822.6,0.009370701513067514,64166.9,63693.91428571428,2344.466666666667
2024-09-28,65749.5,66237.0,65368.1,65822.6,92773.553,65568.1,0.0011102729142078438,64669.06666666667,64061.61428571429,2239.1999999999994
2024-09-29,65822.7,66059.3,65400.0,65568.1,88131.799,63309.1,-0.003866453163503092,65570.46666666667,64419.04285714286,1898.8333333333333
2024-09-30,65568.2,65588.8,62825.0,63309.1,296848.373,60776.8,-0.03445272929976628,65713.43333333333,64706.142857142855,1063.4000000000015
2024-10-01,63309.0,64092.6,60128.2,60776.8,429817.835,60622.6,-0.039998989086876824,64899.93333333334,64707.15714285715,1430.666666666669
2024-10-02,60776.7,62355.0,59934.9,60622.6,327001.805,60727.2,-0.0025371523344435154,63218.00000000001,64211.97142857143,2462.5000000000023
2024-10-03,60622.7,61452.6,59815.0,60727.2,286137.212,62054.4,0.0017254291303903102,61569.5,63855.42857142857,3049.4333333333343
2024-10-04,60727.1,62457.1,60434.1,62054.4,234795.836,62023.1,0.02185511599415091,60708.86666666667,63225.142857142855,2674.033333333333
2024-10-05,62054.3,62344.0,61648.0,62023.1,74330.781,62789.3,-0.0005043961427393384,61134.73333333334,62697.25714285715,2026.899999999999
2024-10-06,62023.1,62961.5,61778.9,62789.3,96413.453,62190.7,0.012353461855341141,61601.56666666667,62154.47142857143,1452.1999999999996
2024-10-07,62789.2,64448.2,62091.8,62190.7,298949.375,62131.7,-0.009533471467272348,62288.93333333334,61757.5,1300.5333333333328
2024-10-08,62190.6,63178.7,61836.0,62131.7,226276.359,60606.4,-0.0009486949013276513,62334.366666666676,61597.72857142857,1411.6666666666642
2024-10-09,62131.8,62520.9,60251.9,60606.4,217302.173,60293.2,-0.024549465087869704,62370.56666666667,61791.28571428572,1627.23333333333
2024-10-10,60606.3,61297.0,58900.0,60293.2,262947.653,62509.0,-0.0051677710604821625,61642.93333333334,61788.971428571436,1989.3666666666638
2024-10-11,60293.3,63400.0,60057.8,62509.0,263691.142,63176.0,0.036750412981895186,61010.43333333334,61726.97142857143,2002.899999999999
2024-10-12,62509.0,63462.6,62458.0,63176.0,102784.406,62839.8,0.010670463453262835,61136.200000000004,61791.91428571428,2669.399999999999
2024-10-13,63176.0,63260.0,62020.0,62839.8,129696.156,66064.9,-0.005321641129542809,61992.73333333334,61956.614285714284,2247.933333333332
2024-10-14,62839.7,66533.0,62420.0,66064.9,338251.601,67044.1,0.05132256945439018,62841.600000000006,61963.82857142858,1862.2666666666653
2024-10-15,66064.9,67953.7,64771.7,67044.1,422005.511,67592.0,0.014821788877301234,64026.9,62517.28571428572,2119.1999999999994
2024-10-16,67044.0,68400.0,66724.2,67592.0,254153.501,67401.5,0.008172232903417287,65316.26666666667,63219.05714285715,2845.0
2024-10-17,67592.0,67925.9,66600.0,67401.5,220272.837,68407.8,-0.0028183808734761895,66900.33333333334,64217.0,2990.266666666668
2024-10-18,67401.5,69000.0,67165.0,68407.8,245301.761,68357.1,0.014929934793736166,67345.86666666668,65232.471428571436,2061.233333333332
2024-10-19,68407.8,68684.9,68000.0,68357.1,68632.108,69020.1,-0.0007411435538052791,67800.43333333335,66075.15714285715,1612.2333333333324
2024-10-20,68357.1,69425.8,68069.8,69020.1,105939.492,67368.8,0.009699065642047477,68055.46666666667,66815.31428571428,1281.9333333333295
2024-10-21,69020.2,69566.0,66865.9,67368.8,253437.333,67406.4,-0.02392491462631907,68595.00000000001,67698.21428571429,1291.9666666666647
2024-10-22,67368.7,67825.0,66536.5,67406.4,218518.977,66647.2,0.0005581218605643645,68248.66666666669,67884.48571428572,1580.3333333333333
2024-10-23,67406.5,67449.0,65222.3,66647.2,248215.058,68173.8,-0.011263025469391619,67931.76666666668,67936.24285714286,1781.5333333333353
2024-10-24,66647.3,68842.5,66482.0,68173.8,212340.722,66662.8,0.022905688461030804,67140.8,67801.27142857143,2071.766666666668
2024-10-25,68173.8,68748.0,65557.2,66662.8,348511.871,67071.8,-0.022163939812655298,67409.13333333335,67911.6,1958.5666666666657
2024-10-26,66662.7,67450.0,66414.1,67071.8,94169.992,67992.6,0.006135355850639401,67161.26666666668,67662.31428571428,2592.6666666666665
2024-10-27,67071.9,68306.1,66909.4,67992.6,88468.808,69940.0,0.013728571471169682,67302.8,67478.7,2195.733333333332
2024-10-28,67992.7,70331.0,67584.2,69940.0,256128.622,72739.5,0.02864135214714536,67242.40000000001,67331.91428571429,1874.4666666666697
2024-10-29,69939.9,73660.0,69733.0,72739.5,382502.06,72349.0,0.040027166142407866,68334.8,67699.22857142857,1726.4666666666697
2024-10-30,72739.5,72984.9,71444.2,72349.0,227108.808,70321.9,-0.005368472425573478,70224.03333333334,68461.09999999999,2690.1666666666715
2024-10-31,72349.0,72720.3,69705.0,70321.9,256485.328,69495.5,-0.02801835547139564,71676.16666666667,69275.64285714286,2738.1666666666665
2024-11-01,70321.9,71650.0,68822.5,69495.5,352591.088,69366.6,-0.01175167337628813,71803.46666666667,69582.51428571428,2827.6666666666665
2024-11-02,69495.4,69913.1,69022.8,69366.6,79314.105,68762.5,-0.0018547963537206558,70722.13333333335,69987.18571428572,2461.1666666666665
2024-11-03,69366.6,69393.7,67446.6,68762.5,226477.376,67834.3,-0.00870880221893544,69728.00000000001,70315.01428571428,2244.3666666666686
2024-11-04,68762.5,69495.3,66810.0,67834.3,244912.166,69353.1,-0.013498636611525172,69208.20000000001,70425.0,1888.2999999999981
2024-11-05,67834.4,70537.4,67454.2,69353.1,273070.87,75579.9,0.02238985292101492,68654.46666666667,70124.18571428572,1840.899999999999
2024-11-06,69353.1,76420.0,69272.7,75579.9,677440.286,75859.4,0.08978401830631921,68649.96666666667,69640.41428571429,2571.8666666666636
2024-11-07,75579.9,76900.0,74450.0,75859.4,280675.033,76482.2,0.0036980731649551846,70922.43333333335,70101.97142857143,4305.266666666667
2024-11-08,75859.4,77182.9,75576.3,76482.2,230370.324,76675.1,0.008209925203732205,73597.46666666667,70893.04285714285,4226.833333333333
2024-11-09,76482.2,76920.0,75683.2,76675.1,117754.034,80410.0,0.0025221554819292447,75973.83333333333,71891.14285714286,3734.6333333333314
2024-11-10,76675.1,81699.8,76501.1,80410.0,417426.899,88728.9,0.04871072877635618,76338.90000000001,72935.21428571429,1764.4666666666647
2024-11-11,80409.9,89800.0,80261.2,88728.9,614141.662,87972.0,0.10345603780624302,77855.76666666668,74599.14285714286,2680.699999999997
2024-11-12,88729.0,90070.1,85159.9,87972.0,639481.584,90413.3,-0.008530478795522045,81938.00000000001,77584.08571428571,5324.766666666667
2024-11-13,87972.0,93421.1,86180.0,90413.3,555288.297,87382.7,0.027750875278497844,85703.63333333335,80243.92857142857,6549.233333333337
2024-11-14,90413.3,91846.1,86714.0,87382.7,364621.68,91074.6,-0.03351940477783699,89038.06666666667,82362.98571428572,7230.03333333334
2024-11-15,87382.6,91921.5,87111.0,91074.6,314431.908,90643.3,0.042249781707363265,88589.33333333333,84009.17142857143,5761.133333333341
2024-11-16,91074.6,91849.8,90120.0,90643.3,129023.447,89899.9,-0.004735678224225048,89623.53333333334,86093.8,5727.900000000004
2024-11-17,90643.2,91539.6,88736.1,89899.9,167504.792,90507.4,-0.008201378369940282,89700.20000000001,88089.25714285715,3890.800000000003
2024-11-18,89900.0,92700.0,89422.1,90507.4,333557.11,92335.9,0.00675751585930584,90539.26666666668,89444.95714285715,3114.600000000001
2024-11-19,90507.4,93985.9,90405.6,92335.9,303532.031,94288.0,0.02020276795046594,90350.20000000001,89699.02857142857,2603.733333333332
2024-11-20,92335.9,94849.0,91500.0,94288.0,290044.227,98366.8,0.02114128957426109,90914.40000000001,90322.44285714286,3220.5666666666607
2024-11-21,94288.0,99100.0,94008.7,98366.8,418383.136,98921.4,0.04325895129815027,92377.09999999999,90875.97142857141,3402.399999999994
2024-11-22,98366.8,99660.0,97199.9,98921.4,265774.067,97725.5,0.005638081141198015,94996.90000000002,92445.12857142858,4006.8666666666636
2024-11-23,98921.5,98937.3,97173.5,97725.5,120358.422,97960.4,-0.01208939622771199,97192.06666666667,93566.09999999999,3633.4666666666694
2024-11-24,97725.6,98666.0,95822.1,97960.4,173118.84,93064.0,0.0024036715084598814,98337.90000000001,94577.84285714284,3105.0666666666707
2024-11-25,97960.5,98999.0,92666.0,93064.0,329375.021,92021.4,-0.049983462705338044,98202.43333333335,95729.34285714284,2355.9333333333343
2024-11-26,93064.0,95064.0,90866.4,92021.4,344929.233,95905.2,-0.011203043067136709,96249.96666666667,96094.57142857143,3646.899999999999
2024-11-27,92021.5,97250.0,91864.0,95905.2,237005.987,95694.4,0.042205400048249686,94348.60000000002,96049.64285714286,4458.166666666667
2024-11-28,95905.2,96627.6,94700.1,95694.4,154007.026,97516.3,-0.002198003862147191,93663.53333333334,96280.67142857143,5305.533333333336
2024-11-29,95694.4,98713.3,95404.5,97516.3,190520.949,96475.1,0.019038731629019034,94540.33333333333,95898.9,3837.033333333335
2024-11-30,97516.2,97522.1,96150.0,96475.1,93074.218,97265.1,-0.010677189351933958,96371.96666666667,95698.17142857143,3540.766666666668
2024-12-01,96475.2,97933.0,95736.5,97265.1,113222.99,95890.5,0.008188641421465137,96561.93333333335,95519.54285714285,2202.800000000003
2024-12-02,97265.0,98266.0,94400.0,95890.5,257613.911,95913.3,-0.01413251001643967,97085.50000000001,95420.21428571429,2292.4666666666694
2024-12-03,95890.6,96375.0,93605.0,95913.3,206601.98,98669.8,0.00023777120778389893,96543.5666666667,95824.0,2478.200000000002
2024-12-04,95913.3,99099.9,94650.8,98669.8,275949.205,97001.5,0.028739497024917293,96356.3,96379.98571428572,2944.1666666666665
2024-12-05,98669.8,104630.4,90200.0,97001.5,580277.391,99802.5,-0.01690790900559247,96824.53333333334,96774.92857142857,3695.0333333333306
2024-12-06,97001.6,101988.8,96429.5,99802.5,282369.608,99899.2,0.028875842126152795,97194.86666666668,96961.65714285716,7216.499999999995
2024-12-07,99802.5,100499.0,98876.9,99899.2,95858.658,101200.0,0.0009689136043686819,98491.26666666668,97288.25714285715,8146.266666666663
2024-12-08,99899.2,101457.9,98709.4,101200.0,109755.676,97349.1,0.013021125294296665,98901.06666666667,97777.41428571429,7203.933333333334
2024-12-09,101200.1,101300.0,94039.7,97349.1,326973.59,96602.4,-0.03805237154150187,100300.56666666667,98339.54285714286,3309.9666666666694
2024-12-10,97349.1,98320.6,94265.5,96602.4,291490.744,101115.3,-0.007670332853616624,99482.76666666668,98547.91428571429,3876.9666666666694
2024-12-11,96602.3,101880.0,95650.0,101115.3,221807.705,99982.4,0.04671623065265473,98383.83333333333,98646.35714285714,4687.96666666667
2024-12-12,101115.3,102538.4,99280.2,99982.4,215219.075,101371.9,-0.011204041327079195,98355.60000000002,98995.71428571429,5848.46666666667
2024-12-13,99982.3,101869.5,99149.6,101371.9,152437.318,101381.0,0.013897445950487253,99233.36666666668,99421.55714285713,4514.433333333334
2024-12-14,101371.9,102638.0,100559.8,101381.0,107680.549,104460.4,8.976846640940117e-05,100823.2,99645.75714285714,4069.3666666666636
2024-12-15,101381.0,105374.6,101200.1,104460.4,157733.916,106023.2,0.030374527771475757,100911.76666666668,99857.44285714286,2685.4333333333293
2024-12-16,104460.5,107777.0,103264.6,106023.2,274395.756,106074.6,0.014960693238777578,102404.43333333335,100323.21428571429,2990.8666666666636
2024-12-17,106023.2,108366.8,105252.0,106074.6,197773.912,100181.1,0.00048479955330549274,103954.86666666668,101562.37142857142,3588.3666666666636
2024-12-18,106074.6,106484.6,99951.1,100181.1,328581.935,97434.4,-0.05555995497508359,105519.40000000001,102915.54285714285,3933.899999999999
2024-12-19,100181.2,102756.7,95681.2,97434.4,372968.463,97764.4,-0.027417347184249485,104092.96666666667,102782.08571428573,4720.233333333333
2024-12-20,97434.3,98243.0,92272.6,97764.4,396188.795,97261.8,0.003386894156478526,101230.03333333334,102418.08571428571,5574.600000000001
2024-12-21,97764.5,99485.0,96375.0,97261.8,161258.48,95153.5,-0.0051409306455109105,98459.96666666667,101902.72857142857,6526.466666666664
2024-12-22,97261.7,97437.9,94200.0,95153.5,148114.735,94861.1,-0.021676547215864872,97486.86666666665,101314.27142857143,5385.299999999998
2024-12-23,95153.4,96499.0,92464.4,94861.1,247211.855,98627.2,-0.0030729295296546555,96726.5666666667,99984.71428571429,4106.099999999996
2024-12-24,94861.0,99450.0,93525.6,98627.2,211610.632,99379.7,0.039701205235865844,95758.8,98390.12857142858,3460.8333333333335
2024-12-25,98626.9,99580.7,97570.0,99379.7,124696.892,95751.0,0.0076297410856234205,96213.93333333335,97326.21428571429,4398.966666666664
2024-12-26,99379.6,99950.0,95153.0,95751.0,194857.651,94258.9,-0.0365134931983091,97622.66666666667,97211.72857142857,3989.899999999999
2024-12-27,95750.9,97564.5,93440.0,94258.9,206008.243,95259.1,-0.01558312706916909,97919.3,96971.24285714286,4244.03333333333
2024-12-28,94258.9,95700.0,94100.0,95259.1,67991.349,93700.0,0.010611199579031894,96463.2,96470.45714285714,3644.0666666666657
2024-12-29,95259.1,95300.0,92961.8,93700.0,95047.934,92759.3,-0.016366940271323238,95089.66666666667,96184.35714285714,3507.1666666666665
2024-12-30,93699.9,95031.6,91510.0,92759.3,222343.593,93548.9,-0.010039487726787644,94406.0,95976.71428571429,2687.5666666666657
2024-12-31,92759.3,96254.3,92000.0,93548.9,178648.116,94580.9,0.008512354017332857,93906.13333333335,95676.45714285714,2486.600000000001
2025-01-01,93548.8,95161.2,92796.5,94580.9,91236.66,96967.5,0.011031663653982005,93336.06666666667,94950.98571428572,3371.3666666666686
2025-01-02,94580.9,97822.4,94357.4,96967.5,181645.495,98145.7,0.025233424507485225,93629.70000000001,94265.44285714286,3380.200000000002
2025-01-03,96967.6,98949.0,96061.5,98145.7,125220.674,98173.2,0.0121504627839224,95032.43333333335,94439.22857142857,3361.3333333333335
2025-01-04,98145.7,98760.9,97438.2,98173.2,71914.634,98340.2,0.00028019566827675035,96564.7,94994.4857142857,2905.733333333332
2025-01-05,98173.2,98852.6,97227.0,98340.2,74949.289,102180.4,0.001701075242530603,97762.13333333335,95410.78571428571,2558.399999999999
2025-01-06,98340.2,102444.0,97872.6,102180.4,207493.329,96920.3,0.03905015446379001,98219.70000000001,96073.67142857143,1945.2666666666676
2025-01-07,102180.5,102762.1,96153.0,96920.3,258711.309,95014.1,-0.05147856144622642,99564.60000000002,97419.54285714286,2506.5666666666657
2025-01-08,96920.2,97242.2,92500.0,95014.1,262012.113,92505.9,-0.019667706352539116,99146.96666666667,97901.17142857143,4268.700000000002
2025-01-09,95014.0,95358.7,91055.8,92505.9,257760.902,94675.5,-0.02639818721642384,98038.26666666668,97963.05714285714,5307.566666666666
2025-01-10,92506.0,95882.5,92173.6,94675.5,261942.954,94562.5,0.023453639173285135,94813.43333333335,97325.6857142857,5218.066666666666
2025-01-11,94675.6,94988.0,93802.1,94562.5,64661.763,94499.9,-0.0011935506017924924,94065.16666666669,96829.94285714286,4251.3333333333285
2025-01-12,94562.4,95444.0,93661.1,94499.9,77298.133,94485.3,-0.0006619960343688946,93914.63333333335,96314.12857142856,3065.899999999994
2025-01-13,94499.9,95934.5,88909.0,94485.3,361150.49,96514.9,-0.00015449751798668476,94579.3,95765.51428571428,2225.899999999994
2025-01-14,94485.4,97353.9,94305.4,96514.9,212859.661,100460.0,0.021480590102375574,94515.90000000002,94666.21428571429,3331.4333333333293
2025-01-15,96514.9,100658.9,96450.2,100460.0,222417.566,99937.4,0.04087555393001496,95166.70000000001,94608.30000000002,3952.299999999998
2025-01-16,100460.0,100850.0,97293.6,99937.4,216802.52,104042.5,-0.005202070475811338,97153.40000000001,95386.28571428571,4760.899999999999
2025-01-17,99937.4,105784.0,99902.0,104042.5,249449.969,104524.3,0.04107671402297841,98970.76666666668,96447.92857142857,3604.5333333333306
2025-01-18,104042.6,104962.1,102242.8,104524.3,167940.092,101311.5,0.004630799913496908,101479.96666666667,97786.07142857143,4549.03333333333
2025-01-19,104524.3,106450.0,99600.0,101311.5,280949.178,102247.6,-0.03073735007074918,102834.73333333334,99209.18571428572,4052.5666666666657
2025-01-20,101311.5,110000.0,99501.0,102247.6,530508.18,106114.5,0.009239819763797952,103292.76666666668,100182.27142857143,5150.433333333334
2025-01-21,102247.7,107241.6,100097.2,106114.5,273296.828,103664.9,0.03781898059220934,102694.46666666667,101291.17142857143,6689.433333333334
2025-01-22,106115.4,106390.0,103211.6,103664.9,151243.528,103864.1,-0.02308449834848214,103224.53333333334,102662.54285714286,8164.46666666667
2025-01-23,103664.9,106840.2,101211.0,103864.1,418154.019,104808.1,0.0019215761554780553,104009.00000000001,103120.38571428573,6940.600000000001
2025-01-24,103864.0,107076.5,102680.0,104808.1,165746.95,104702.0,0.009088799691134852,104547.83333333333,103681.34285714287,5317.333333333333
2025-01-25,104808.0,105274.7,104040.6,104702.0,65630.163,102560.1,-0.0010123263373728042,104112.36666666668,103790.71428571429,4401.366666666664
2025-01-26,104702.0,105496.9,102450.3,102560.1,75787.087,102021.3,-0.020457106836545558,104458.0666666667,103816.09999999999,3753.266666666663
2025-01-27,102560.0,103216.5,97680.0,102021.3,325689.874,101279.6,-0.005253505018033344,104023.40000000001,103994.47142857143,2892.399999999994
2025-01-28,102021.3,103797.0,100235.0,101279.6,169917.261,103698.2,-0.007270050469852851,103094.46666666667,103962.14285714286,3272.399999999994
2025-01-29,101279.7,104755.0,101269.7,103698.2,169989.952,104676.9,0.023880426068033422,101953.66666666669,103271.44285714287,4048.3666666666636
2025-01-30,103698.1,106450.0,103224.5,104676.9,136967.4,102379.7,0.009437965172008678,102333.03333333334,103276.2,4194.600000000001
2025-01-31,104676.9,106000.0,101509.0,102379.7,172237.817,100603.6,-0.021945625061498775,103218.23333333334,103392.3142857143,3424.266666666668
2025-02-01,102379.8,102734.9,100215.0,100603.6,90863.091,97664.5,-0.01734816570081754,103584.93333333335,103045.40000000001,3733.9333333333343
2025-02-02,100603.6,101426.0,96029.6,97664.5,232934.693,101293.7,-0.02921466031036668,102553.40000000001,102459.91428571429,3412.1333333333314
2025-02-03,97664.5,102456.0,91130.3,101293.7,455088.034,97709.9,0.037159868734289336,100215.93333333335,101760.54285714285,4135.766666666663
2025-02-04,101293.6,101729.3,96100.0,97709.9,262746.203,96553.2,-0.035380285249724364,99853.93333333335,101656.6,6413.999999999995
2025-02-05,97710.0,99124.2,96106.1,96553.2,151379.666,96515.1,-0.011838104429540919,98889.36666666668,101146.64285714286,7450.466666666664
2025-02-06,96553.2,99093.0,95613.5,96515.1,161521.013,96454.5,-0.00039460111109723695,98518.93333333335,100125.92857142857,6657.699999999997
2025-02-07,96515.0,100112.4,95555.0,96454.5,223373.629,96411.9,-0.0006278810258706358,96926.06666666667,98959.95714285714,4042.299999999998
2025-02-08,96454.5,96850.0,95600.0,96411.9,69050.432,96423.6,-0.00044165902057458073,96507.60000000002,98113.5,3684.999999999995
2025-02-09,96412.0,97301.7,94650.1,96423.6,101177.286,97379.2,0.00012135431414606046,96460.5,97514.68571428572,3095.6333333333314
2025-02-10,96423.6,98328.0,95200.1,97379.2,132932.545,95731.4,0.009910436864004168,96430.0,97337.41428571429,2819.666666666662
2025-02-11,97379.2,98482.2,94814.3,95731.4,154832.904,97816.3,-0.01692147809799216,96738.23333333334,96778.19999999998,2343.166666666662
2025-02-12,95731.4,98090.9,94003.9,97816.3,202448.079,96560.6,0.021778643162013722,96511.40000000001,96495.55714285714,3149.1333333333264
2025-02-13,97816.3,98053.8,95160.1,96560.6,142240.526,97445.1,-0.012837328747867138,96975.63333333335,96676.0,3627.5999999999963
2025-02-14,96560.6,98792.8,96225.7,97445.1,144452.957,97538.0,0.009160050786759744,96702.76666666668,96682.5,3549.5333333333306
2025-02-15,97445.2,97941.2,97170.0,97538.0,47418.593,96067.0,0.0009533573263302841,97274.00000000001,96824.01428571428,3182.600000000001
2025-02-16,97538.0,97665.8,96002.0,96067.0,56684.873,95743.2,-0.01508130164653776,97181.23333333335,96984.8857142857,2077.3333333333335
2025-02-17,96067.0,97000.0,95150.6,95743.2,105576.986,95622.0,-0.0033705642936701086,97016.70000000001,96933.94285714286,1667.3666666666686
2025-02-18,95743.1,96737.3,93321.6,95622.0,179173.362,96598.0,-0.0012658862457072262,96449.40000000001,96700.22857142858,1428.1333333333314
2025-02-19,95622.0,96878.7,95012.5,96598.0,124996.873,98252.9,0.010206856162807698,95810.73333333334,96684.6,2309.6333333333314
2025-02-20,96597.9,98662.1,96366.0,98252.9,129180.172,96127.9,0.01713182467545904,95987.73333333334,96510.55714285714,2377.0999999999963
2025-02-21,98252.8,99431.5,94830.4,96127.9,250618.273,96503.3,-0.021627860348142347,96824.3,96752.31428571428,2526.0
2025-02-22,96128.0,96988.0,95701.9,96503.3,65792.15,96218.4,0.003905213782887218,96992.93333333333,96564.14285714286,2921.1333333333364
2025-02-23,96503.3,96602.9,95180.2,96218.4,69298.691,91514.5,-0.0029522306491074346,96961.36666666665,96416.32857142857,2727.7666666666723
2025-02-24,96218.4,96470.0,91300.0,91514.5,217488.75,88639.1,-0.04888773872772767,96283.20000000001,96437.95714285714,2436.6333333333364
2025-02-25,91514.5,92500.0,86020.4,88639.1,472296.502,84208.5,-0.03142015746138582,94745.40000000001,95833.85714285714,2626.266666666668
2025-02-26,88639.1,89367.1,82222.0,84208.5,401141.821,84668.1,-0.04998471329244103,92124.0,94836.3,4357.433333333334
2025-02-27,84208.6,87066.0,82667.0,84668.1,269408.53,84299.6,0.005457881330269476,88120.70000000001,93066.37142857142,6264.900000000004
2025-02-28,84668.2,85084.5,78200.2,84299.6,536343.231,86007.7,-0.004352288524249404,85838.56666666668,91125.68571428572,6007.900000000004
2025-03-01,84299.6,86516.5,83779.0,86007.7,146996.671,94222.8,0.02026225509966828,84392.06666666668,89435.92857142857,6142.800000000003
2025-03-02,86007.7,94971.0,85015.0,94222.8,364711.538,86192.7,0.09551586660264144,84991.8,87936.55714285714,4673.600000000001
2025-03-03,94222.0,94373.4,85029.0,86192.7,436032.402,87245.9,-0.08522459532087778,88176.70000000001,87651.47142857143,6525.933333333334
2025-03-04,86193.3,88931.0,81200.0,87245.9,432434.798,90566.1,0.012219132246698461,88807.73333333334,86891.21428571429,7345.966666666664
2025-03-05,87245.9,91000.0,86328.0,90566.1,279001.09,89887.8,0.03805565648357123,89220.46666666667,86692.18571428572,9010.466666666665
2025-03-06,90566.1,92780.3,87790.5,89887.8,303058.632,86753.8,-0.007489557350929377,88001.56666666667,87600.41428571429,7249.133333333331
2025-03-07,89887.9,91257.7,84600.0,86753.8,452474.195,86184.7,-0.034865688113403626,89233.26666666668,88346.08571428573,5797.600000000001
2025-03-08,86753.8,86876.5,85108.0,86184.7,96106.187,80688.8,-0.006559943195571849,89069.23333333335,88696.6857142857,5439.833333333333
2025-03-09,86184.7,86470.6,79933.4,80688.8,221609.348,78567.8,-0.06376885920586828,87608.76666666668,88721.97142857143,4472.0
2025-03-10,80690.7,84031.5,77410.1,78567.8,416386.797,82896.0,-0.02628617602442962,84542.43333333335,86788.54285714285,4987.800000000003
2025-03-11,78567.8,83600.0,76560.0,82896.0,390779.169,83640.7,0.055088725915705794,81813.76666666668,85699.27142857143,4975.700000000002
2025-03-12,82896.0,84487.0,80578.5,83640.7,306171.124,81085.4,0.008983545647558433,80717.53333333334,85077.85714285714,6732.866666666669
2025-03-13,83640.7,84307.1,79903.4,81085.4,247960.052,83939.8,-0.030550916001420347,81701.50000000001,84088.51428571428,5856.633333333331
2025-03-14,81085.5,85270.2,80772.0,83939.8,233544.708,84302.9,0.03520239155261007,82540.70000000001,82831.02857142857,5117.400000000004
2025-03-15,83939.9,84625.0,83564.5,84302.9,76674.97,82541.6,0.00432571914634039,82888.63333333335,82429.02857142857,4270.133333333336
2025-03-16,84303.0,85136.0,81925.6,82541.6,174630.7,83962.9,-0.02089251971165862,83109.36666666667,82160.2,3320.800000000003
2025-03-17,82541.6,84727.1,82384.0,83962.9,182662.082,82666.1,0.017219196138674064,83594.76666666668,82424.8857142857,2923.0333333333306
2025-03-18,83963.0,83979.8,81113.5,82666.1,188897.749,86809.8,-0.015444916742989867,83602.46666666667,83195.6142857143,2204.6666666666665
2025-03-19,82666.2,86990.0,82501.8,86809.8,251961.741,84183.6,0.050125746829716045,83056.86666666668,83162.77142857143,2806.600000000001
2025-03-20,86809.8,87500.0,83613.6,84183.6,242943.492,84050.3,-0.030252344781349527,84479.60000000002,83615.5,3232.533333333335
2025-03-21,84183.6,84813.6,83122.0,84050.3,144422.271,83804.9,-0.0015834438061570477,84553.16666666669,84058.1,3746.966666666665
2025-03-22,84050.3,84509.0,83589.5,83804.9,52218.652,86044.2,-0.002919680239095057,85014.56666666668,84073.8857142857,3355.399999999999
2025-03-23,83804.9,86110.9,83761.2,86044.2,90899.873,87463.4,0.026720394630862954,84012.93333333333,84002.74285714285,2165.8333333333335
2025-03-24,86044.1,88752.0,85478.3,87463.4,210907.484,87369.8,0.016493848510416687,84633.13333333335,84503.1142857143,1653.600000000001
2025-03-25,87463.4,88500.0,86260.0,87369.8,173505.289,86873.8,-0.0010701619191569867,85770.83333333333,85003.18571428572,2180.966666666665
2025-03-26,87369.9,88270.2,85816.3,86873.8,187956.695,87191.2,-0.005677018832594305,86959.13333333335,85675.14285714286,2621.1333333333314
2025-03-27,86873.9,87722.4,85724.5,87191.2,163451.689,84380.8,0.0036535756465123637,87235.66666666667,85684.28571428571,2655.8666666666636
2025-03-28,87191.2,87470.0,83531.7,84380.8,222284.56,82604.7,-0.03223261063043048,87144.93333333335,86113.94285714286,2230.5999999999963
2025-03-29,84380.8,84589.7,81601.0,82604.7,135513.705,82352.8,-0.021048627175850543,86148.60000000002,86161.15714285713,2796.699999999997
2025-03-30,82604.8,83490.0,81501.4,82352.8,109565.925,82517.5,-0.0030494632871979066,84725.56666666668,85989.7,2974.966666666665
2025-03-31,82353.1,83895.8,81222.0,82517.5,212064.576,85120.9,0.001999931999883353,83112.76666666668,85462.35714285714,2971.8666666666686
2025-04-01,82517.5,85595.5,82383.3,85120.9,197263.176,82485.1,0.03154967128184927,82491.66666666669,84755.8,2550.3666666666686
2025-04-02,85121.0,88500.0,82300.0,82485.1,348964.378,83181.5,-0.030965368082339184,83330.40000000001,84434.52857142857,2624.8666666666686
2025-04-03,82485.1,83889.2,81172.2,83181.5,239163.519,83861.3,0.00844273693066988,83374.50000000001,83807.57142857143,4028.6666666666665
2025-04-04,83181.7,84686.2,81624.6,83861.3,353109.206,83506.1,0.008172490277285283,83595.83333333336,83234.75714285715,4043.0666666666657
2025-04-05,83861.4,84244.5,82333.8,83506.1,99574.204,78390.0,-0.004235565153413945,83175.96666666667,83160.54285714286,3992.8666666666636
2025-04-06,83506.1,83790.5,77111.0,78390.0,281191.753,79140.0,-0.06126618294950914,83516.30000000002,83289.3142857143,2563.0999999999963
2025-04-07,78390.1,81200.0,74457.0,79140.0,693843.503,76297.9,0.009567546880979716,81919.13333333335,82723.2,3883.9333333333293
2025-04-08,79140.1,80832.1,76200.1,76297.9,328409.534,82588.0,-0.0359123073035128,80345.36666666668,82240.7,5111.066666666666
2025-04-09,76298.0,83554.9,74578.5,82588.0,560649.862,79560.2,0.08244132538379167,77942.63333333335,80980.27142857143,6018.166666666667
2025-04-10,82587.9,82706.9,78416.0,79560.2,293662.1,83378.3,-0.03666150046011529,79341.96666666667,80994.97142857143,6783.799999999998
2025-04-11,79560.3,84300.0,78935.5,83378.3,295777.871,85237.8,0.047990075439729996,79482.03333333334,80477.64285714286,5966.43333333333
2025-04-12,83378.3,85884.2,82756.0,85237.8,158002.837,83713.7,0.022301965859222284,81842.16666666667,80408.64285714286,6210.599999999996
2025-04-13,85237.9,86100.0,82991.5,83713.7,207038.38,84553.9,-0.01788056472597843,82725.43333333335,80656.02857142859,4261.199999999997
2025-04-14,83713.8,85755.0,83630.9,84553.9,209349.356,83608.7,0.01003658899319948,84109.93333333333,81416.55714285714,3867.0666666666657
2025-04-15,84553.9,86443.0,83560.0,83608.7,184522.182,83990.0,-0.011178668281415671,84501.8,82189.97142857143,2786.9333333333343
2025-04-16,83608.6,85493.5,83063.9,83990.0,209441.418,84915.0,0.0045605301840598855,83958.76666666668,83234.37142857142,2705.200000000002
2025-04-17,83990.1,85441.5,83700.0,84915.0,141033.195,84421.0,0.011013215859030812,84050.86666666668,83434.65714285713,2478.9000000000037
2025-04-18,84914.9,85100.0,84260.0,84421.0,55218.842,85046.9,-0.005817582288170531,84171.23333333334,84199.62857142858,2351.3666666666686
2025-04-19,84421.0,85600.0,84317.2,85046.9,73380.566,85138.8,0.007414032053635777,84442.0,84348.58571428571,1670.3666666666686
2025-04-20,85046.9,85283.6,83900.0,85138.8,90651.818,87466.0,0.001080580244547491,84794.3,84321.31428571428,1288.100000000001
2025-04-21,85138.9,88418.2,85100.0,87466.0,274069.871,93404.9,0.027334188407635462,84868.90000000001,84524.90000000001,1168.800000000003
2025-04-22,87466.0,94142.5,87017.5,93404.9,334005.081,93632.1,0.06789952667322163,85883.90000000001,84940.91428571427,1994.8666666666686
2025-04-23,93404.9,94904.3,91898.0,93632.1,232748.428,93931.6,0.0024324205689423284,88669.90000000002,86340.37142857142,3942.266666666668
2025-04-24,93632.2,93980.6,91619.0,93931.6,157092.728,94591.8,0.0031986893383786352,91501.0,87717.81428571428,4483.166666666667
2025-04-25,93931.5,95769.6,92788.0,94591.8,191830.477,94575.7,0.007028518624190294,93656.20000000001,89005.90000000001,4164.300000000003
2025-04-26,94591.8,95157.1,93833.0,94575.7,72538.209,93697.1,-0.00017020502834286244,94051.83333333336,90458.87142857142,2783.1666666666715
2025-04-27,94575.7,95280.5,93547.3,93697.1,83816.183,94969.0,-0.00928991273656965,94366.36666666668,91820.12857142858,2222.4333333333393
2025-04-28,93697.0,95578.8,92700.0,94969.0,194420.716,94200.1,0.013574593023690129,94288.20000000001,93042.74285714286,2012.9666666666697
2025-04-29,94969.0,95426.4,93678.7,94200.1,147831.794,94125.1,-0.008096326169592105,94413.93333333335,94114.59999999999,1978.7000000000019
2025-04-30,94200.1,95186.5,92848.1,94125.1,170929.31,96423.3,-0.0007961774987500503,94288.73333333335,94228.2,2119.899999999999
2025-05-01,94125.2,97388.0,94086.7,96423.3,184526.755,96831.2,0.02441644152303679,94431.40000000002,94298.62857142859,2321.6333333333314
2025-05-02,96423.2,97865.4,96283.1,96831.2,139197.526,95803.3,0.004230305330765516,94916.16666666669,94654.58571428571,2462.466666666665
2025-05-03,96831.2,96868.4,95700.0,95803.3,71420.629,94230.2,-0.010615380166723032,95793.20000000001,94974.5,2407.3333333333285
2025-05-04,95803.3,96266.6,94116.4,94230.2,94260.877,94696.7,-0.016420102439060114,96352.60000000002,95149.87142857142,2017.3333333333285
2025-05-05,94230.2,95165.1,93445.1,94696.7,154902.375,96798.9,0.004950642150817863,95621.5666666667,95226.02857142857,1633.6333333333314
2025-05-06,94696.7,96879.5,93327.0,96798.9,173683.066,96988.4,0.022199295223592763,94910.06666666667,95187.12857142858,1679.5333333333353
2025-05-07,96798.9,97700.0,95718.5,96988.4,185267.142,103228.1,0.001957666874313757,95241.93333333335,95558.38571428573,2474.233333333337
2025-05-08,96988.4,104305.3,96831.5,103228.1,317422.469,102941.9,0.06433449773374966,96161.33333333333,95967.42857142857,2418.0
2025-05-09,103228.0,104373.0,102240.0,102941.9,172883.922,104788.8,-0.002772500898495789,99005.13333333335,96939.54285714286,4335.933333333334
2025-05-10,102941.9,105000.1,102784.0,104788.8,104384.537,104072.7,0.017941188184791734,101052.8,97812.5,3862.766666666668
2025-05-11,104788.8,104950.0,103283.3,104072.7,139136.421,102739.3,-0.006833745591131923,103652.93333333335,99096.14285714286,3940.9666666666694
2025-05-12,104072.7,105863.1,100678.0,102739.3,256542.699,104082.0,-0.012812197627235511,103934.46666666667,100502.21428571429,2005.2666666666676
2025-05-13,102739.3,104949.2,101400.0,104082.0,162368.328,103458.1,0.013069000859456947,103866.93333333335,101651.15714285713,3022.6333333333364
2025-05-14,104082.0,104319.0,102536.0,103458.1,126264.097,103714.5,-0.005994312176937355,103631.33333333333,102691.59999999999,3467.0
2025-05-15,103458.1,104162.8,101270.8,103714.5,176344.106,103412.2,0.0024782979776354352,103426.46666666667,103615.84285714287,3505.766666666668
2025-05-16,103714.2,104524.2,103062.3,103412.2,115513.049,103079.6,-0.0029147322698369615,103751.53333333334,103685.32857142856,2741.399999999999
2025-05-17,103412.2,103658.0,102541.6,103079.6,90372.669,106407.6,-0.0032162549486423053,103528.26666666668,103752.5142857143,2045.6333333333314
2025-05-18,103079.5,106629.8,103052.2,106407.6,173224.284,105531.6,0.03228572869898594,103402.10000000002,103508.34285714287,1823.4333333333295
2025-05-19,106407.5,107114.3,102038.8,105531.6,257825.604,106800.1,-0.008232494671433277,104299.8,103841.90000000001,2051.966666666665
2025-05-20,105531.5,107292.5,104115.2,106800.1,226187.246,109609.5,0.012020096350287446,105006.26666666668,104240.8,3256.5
2025-05-21,106800.0,110830.0,106037.9,109609.5,413589.854,111662.7,0.026305218815338094,106246.43333333335,104629.1,3943.4666666666694
2025-05-22,109609.6,111959.5,109153.4,111662.7,246067.033,107271.5,0.018731952978528366,107313.73333333334,105507.87142857144,4348.300000000003
2025-05-23,111662.6,111770.4,106721.9,107271.5,279480.347,107698.9,-0.039325576042850474,109357.43333333335,106643.32857142857,3591.833333333338
2025-05-24,107271.6,109440.2,106836.0,107698.9,165158.758,108955.9,0.003984282871032807,109514.56666666667,107194.65714285713,4215.56666666667
2025-05-25,107699.0,109285.1,106497.0,108955.9,159465.803,109386.8,0.011671428398990047,108877.7,107854.55714285714,3486.266666666668
2025-05-26,108956.0,110400.0,108616.6,109386.8,146992.22,108889.3,0.003954811074939668,107975.43333333335,108218.59999999999,3480.266666666668
2025-05-27,109386.8,110700.0,107438.0,108889.3,223599.905,107723.1,-0.0045480807556305125,108680.53333333334,108769.34285714287,2391.899999999999
2025-05-28,108889.2,109252.6,106723.9,107723.1,158417.759,105539.9,-0.01070995956443832,109077.33333333333,109067.8,2611.1666666666665
2025-05-29,107723.1,108860.0,105054.2,105539.9,213101.255,103950.0,-0.020266776578097057,108666.40000000002,108798.31428571428,2524.700000000002
2025-05-30,105539.9,106266.0,103555.0,103950.0,219701.302,104544.7,-0.015064444821342393,107384.10000000002,107923.62857142858,3198.833333333338
2025-05-31,103949.9,104859.3,103032.1,104544.7,103607.84,105583.3,0.005721019721019793,105737.66666666667,107449.12857142858,3015.1666666666715
2025-06-01,104544.6,105823.6,103704.1,105583.3,97420.24,105814.3,0.00993450648382943,104678.20000000001,106998.52857142857,2781.3333333333335
2025-06-02,105583.3,105900.0,103600.6,105814.3,158252.918,105330.1,0.0021878459945843254,104692.66666666667,106516.72857142858,2219.233333333332
2025-06-03,105814.4,106775.0,104822.4,105330.1,139216.007,104641.8,-0.004575941059006161,105314.10000000002,106006.37142857142,2082.0333333333306
2025-06-04,105330.1,105967.2,104111.7,104641.8,118534.125,101458.6,-0.0065346942611845815,105575.90000000001,105497.91428571429,2123.8333333333335
2025-06-05,104641.8,105878.3,100305.1,101458.6,246238.674,104240.0,-0.030419966017404154,105262.0666666667,105057.72857142857,2035.8333333333333
2025-06-06,101458.7,105283.0,101003.4,104240.0,174300.906,105507.5,0.02741413739200027,103810.16666666669,104474.68571428572,3127.100000000001
2025-06-07,104240.1,105878.3,103800.1,105507.5,79833.173,105676.5,0.012159439754412915,103446.8,104516.1142857143,3902.766666666668
2025-06-08,105507.5,106482.6,104927.4,105676.5,75105.104,110227.9,0.001601781863848517,103735.36666666668,104653.65714285716,3977.0
2025-06-09,105676.5,110653.6,105253.2,110227.9,192956.409,110235.4,0.04306917810487665,105141.33333333333,104666.97142857143,2637.6666666666715
2025-06-10,110228.0,110367.2,108282.0,110235.4,152216.974,108600.0,6.804084991185455e-05,107137.3,105297.48571428572,3011.2666666666723
2025-06-11,110235.4,110350.0,108001.2,108600.0,134422.321,105609.5,-0.0148355247044053,108713.26666666668,105998.24285714285,3013.600000000006
2025-06-12,108600.1,108782.1,105602.0,105609.5,185790.19,106027.3,-0.027536832412523027,109687.76666666668,106563.7,3278.1333333333364
2025-06-13,105609.4,106141.1,102614.0,106027.3,245935.413,105359.9,0.003956083496276408,108148.3,107156.68571428572,2538.033333333335
2025-06-14,106027.3,106173.6,104225.4,105359.9,79911.57,105534.6,-0.006294605257325281,106745.60000000002,107412.0142857143,3018.6666666666715
2025-06-15,105359.8,106099.4,104399.9,105534.6,78819.399,106750.1,0.0016581260992085678,105665.56666666667,107390.92857142857,2885.133333333341
2025-06-16,105534.7,108900.0,104920.0,106750.1,166813.219,104508.0,0.011517549694602502,105640.60000000002,107370.65714285716,2391.600000000006
2025-06-17,106750.1,107727.4,103300.0,104508.0,226051.863,104832.8,-0.021003259013340547,105881.53333333334,106873.82857142857,2542.5666666666707
2025-06-18,104508.0,105500.0,103426.1,104832.8,172706.399,104607.1,0.0031078960462356253,105597.56666666667,106055.62857142858,3368.966666666665
2025-06-19,104832.8,105185.7,103870.3,104607.1,87710.605,103246.1,-0.0021529521294861853,105363.63333333335,105517.45714285714,3493.766666666663
2025-06-20,104607.1,106486.2,102255.3,103246.1,199102.135,102079.8,-0.013010589147390617,104649.3,105374.25714285715,2605.5666666666607
2025-06-21,103246.1,103940.6,100789.9,102079.8,120771.35,100904.7,-0.011296310465964354,104228.66666666667,104976.94285714286,2540.0666666666607
2025-06-22,102079.8,103362.6,98115.4,100904.7,293562.636,105290.9,-0.011511582115168784,103311.00000000001,104508.35714285716,2899.0
2025-06-23,100904.7,106050.0,99547.6,105290.9,297222.041,106034.9,0.04346873832437925,102076.86666666668,103846.94285714286,4209.600000000006
2025-06-24,105291.0,106239.0,104570.8,106034.9,144449.887,107280.0,0.00706613771940412,102758.46666666667,103638.48571428572,4966.766666666673
2025-06-25,106034.9,108095.7,105755.6,107280.0,159277.823,106913.7,0.011742360298354626,104076.83333333333,103856.6142857143,4472.600000000001
2025-06-26,107280.1,108249.9,106500.0,106913.7,114433.386,107010.7,-0.003414429530201324,106201.93333333335,104206.21428571429,3503.5666666666607
2025-06-27,106913.8,107686.0,106313.1,107010.7,118637.45,107241.0,0.0009072738105593281,106742.86666666668,104535.72857142857,1919.3999999999942
2025-06-28,107010.6,107538.0,106767.0,107241.0,35670.419,108309.8,0.002152121236474569,107068.13333333335,105073.52857142857,1820.9666666666599
2025-06-29,107240.9,108499.0,107112.6,108309.8,79448.325,107087.4,0.009966337501515321,107055.13333333335,105810.84285714284,1297.9333333333295
2025-06-30,108309.8,108783.9,106686.4,107087.4,114681.386,105637.9,-0.011286144005436372,107520.5,106868.71428571429,1176.7666666666628
2025-07-01,107087.3,107499.9,105182.6,105637.9,120434.401,108800.0,-0.013535672730872195,107546.06666666667,107125.35714285714,1418.2999999999981
2025-07-02,105637.9,109690.4,105010.0,108800.0,177567.261,109545.2,0.029933385650415367,107011.70000000001,107068.64285714286,1933.7333333333274
2025-07-03,108800.0,110484.0,108480.6,109545.2,141487.997,107935.4,0.00684926470588243,107175.10000000002,107285.78571428571,3031.7333333333277
2025-07-04,109545.1,109732.3,107200.0,107935.4,132305.847,108153.4,-0.014695303856307795,107994.36666666665,107661.71428571429,3000.366666666659
2025-07-05,107935.3,108368.1,107688.3,108153.4,36660.948,109145.8,0.002019726614252537,108760.20000000001,107793.81428571428,3072.0333333333306
2025-07-06,108153.4,109684.7,107743.4,109145.8,72388.603,108203.9,0.009175855775223063,108544.66666666667,107924.15714285713,1738.5
2025-07-07,109145.8,109667.3,107456.0,108203.9,106397.578,108873.1,-0.008629741135252167,108411.53333333334,108043.58571428571,1717.800000000003
2025-07-08,108203.9,109180.0,107400.0,108873.1,95156.027,111199.9,0.006184619962866567,108501.03333333334,108203.08571428571,1610.800000000003
2025-07-09,108873.2,112036.8,108273.5,111199.9,167834.731,115979.2,0.02137167032076781,108740.93333333335,108665.25714285715,1977.5333333333353
2025-07-10,111199.8,117500.0,110432.2,115979.2,225570.213,117500.0,0.042979355197261926,109425.63333333335,109008.1,2584.8666666666686
2025-07-11,115979.2,118882.8,115186.7,117500.0,199819.357,117389.3,0.013112696069640162,112017.40000000001,109927.24285714285,4203.700000000002
2025-07-12,117500.0,118176.9,116862.4,117389.3,63722.472,119038.3,-0.0009421276595744654,114893.03333333334,111293.6142857143,4842.400000000004
2025-07-13,117389.4,119655.0,117164.3,119038.3,90052.381,119816.5,0.014047276881283155,116956.16666666667,112613.02857142859,4026.1333333333364
2025-07-14,119038.3,123300.0,118862.6,119816.5,221556.12,117738.5,0.006537391747025945,117975.86666666668,114026.24285714285,2500.4333333333343
2025-07-15,119816.5,119919.4,115678.1,117738.5,269977.446,118590.7,-0.017343187290565165,118748.03333333334,115685.1857142857,2747.5333333333306
2025-07-16,117738.6,120100.0,117017.1,118590.7,159165.948,119176.6,0.007238074206822764,118864.43333333335,116951.67142857143,3723.1333333333264
2025-07-17,118590.7,120951.5,117412.8,119176.6,164274.401,117896.4,0.004940522317517404,118715.23333333334,118007.5,3920.5333333333256
2025-07-18,119176.5,120846.1,116788.9,117896.4,162246.906,117814.4,-0.010742041642403,118501.93333333335,118464.27142857143,3620.96666666666
2025-07-19,117896.5,118456.0,117245.9,117814.4,52531.193,117216.0,-0.0006955259024024052,118554.56666666667,118520.90000000001,3559.600000000001
2025-07-20,117814.3,118856.6,116370.1,117216.0,82380.582,117330.2,-0.00507917538093805,118295.8,118581.62857142856,2935.333333333338
2025-07-21,117216.1,119720.6,116454.1,117330.2,141885.848,119993.7,0.0009742697242696163,117642.26666666668,118321.3,2584.600000000006
2025-07-22,117330.2,120300.1,115865.0,119993.7,186832.45,118713.5,0.02270089030786626,117453.53333333333,117966.1142857143,2321.033333333335
2025-07-23,119993.7,120146.5,117250.0,118713.5,136986.897,118294.3,-0.01066889345023947,118179.96666666667,118288.28571428571,3396.033333333335
2025-07-24,118713.4,119469.9,117050.2,118294.3,137377.613,117583.5,-0.00353119063964924,118679.13333333335,118305.82857142856,3532.700000000002
2025-07-25,118294.4,118410.8,114667.3,117583.5,260386.754,117889.2,-0.00600874260213724,119000.5,118179.78571428571,3250.4333333333343
2025-07-26,117583.4,118300.0,117114.2,117889.2,57218.604,119423.4,0.002599854571432081,118197.10000000002,118135.08571428571,3019.899999999999
2025-07-27,117889.3,119766.0,117800.8,119423.4,75978.959,118041.4,0.013013914760639622,117922.33333333333,118145.77142857143,2449.6666666666665
2025-07-28,119423.5,119812.0,117388.0,118041.4,106712.329,117897.0,-0.011572271430892123,118298.70000000001,118461.1142857143,2298.1666666666665
2025-07-29,118041.5,119258.7,116923.0,117897.0,115263.463,117771.0,-0.001223299621996965,118451.33333333333,118562.71428571429,1858.3333333333333
2025-07-30,117897.1,118763.5,115700.0,117771.0,124917.857,115697.3,-0.001068729484210773,118453.93333333333,118263.18571428572,2241.6333333333314
2025-07-31,117771.1,118910.0,115373.9,115697.3,135037.467,113244.8,-0.017607900077268535,117903.13333333335,118128.54285714286,2607.733333333332
2025-08-01,115697.3,116000.0,112660.0,113244.8,221282.099,112508.8,-0.021197556036312015,117121.76666666668,117757.54285714285,2978.4333333333343
2025-08-02,113244.8,114000.0,111910.0,112508.8,102459.448,114150.8,-0.006499194665008923,115571.03333333334,117137.72857142857,3313.200000000002
2025-08-03,112508.8,114730.0,111850.0,114150.8,63183.869,115002.1,0.014594413948064489,113816.96666666667,116369.09999999999,2988.700000000002
2025-08-04,114150.9,115686.0,114053.8,115002.1,83328.591,114069.6,0.007457678789811295,113301.46666666667,115615.87142857142,2770.0
2025-08-05,115002.1,115073.3,112582.4,114069.6,119316.428,114941.0,-0.008108547583044134,113887.23333333335,115181.6857142857,2200.733333333332
2025-08-06,114069.6,115674.2,113304.5,114941.0,98598.67,117419.9,0.007639195719104874,114407.50000000001,114634.91428571429,2334.3666666666686
2025-08-07,114941.0,117580.0,114211.4,117419.9,134409.055,116628.2,0.02156671683733391,114670.90000000002,114230.62857142858,2164.266666666668
2025-08-08,117419.9,117591.8,115850.0,116628.2,89828.611,116422.1,-0.00674246869568107,115476.83333333333,114476.71428571429,2743.0666666666707
2025-08-09,116628.2,117906.7,116304.0,116422.1,77924.534,119255.3,-0.0017671540845181077,116329.70000000001,114960.05714285714,2493.3666666666686
2025-08-10,116422.1,119291.9,116413.2,119255.3,130331.779,118641.9,0.024335585769368562,116823.40000000002,115519.1,2237.700000000002
2025-08-11,119255.3,122450.0,118050.0,118641.9,217088.254,120081.0,-0.005143586909764242,117435.20000000001,116248.3142857143,2074.399999999999
2025-08-12,118641.8,120270.0,118154.3,120081.0,125708.555,123323.9,0.012129778771243549,118106.43333333335,116768.28571428571,2960.466666666665
2025-08-13,120080.9,123715.9,118829.0,123323.9,188073.873,118242.2,0.027005937658747037,119326.06666666667,117627.05714285713,3131.466666666665
2025-08-14,123323.9,124545.6,117004.0,118242.2,259801.57,117279.2,-0.041206124684671774,120682.26666666668,118824.61428571427,3800.8666666666636
2025-08-15,118242.2,119184.0,116736.3,117279.2,120542.357,117329.7,-0.008144300427427753,120549.03333333333,118942.08571428573,4848.066666666666
2025-08-16,117279.1,117857.1,117089.7,117329.7,46674.42,117353.8,0.0004305963887885067,119615.09999999999,119035.08571428571,4958.733333333333
2025-08-17,117329.8,118558.0,117121.6,117353.8,54386.804,116183.6,0.00020540408779701202,117617.03333333334,119164.74285714285,3585.5666666666707
2025-08-18,117353.9,117499.4,114605.0,116183.6,147219.779,112824.2,-0.009971556097885137,117320.90000000001,118893.09999999999,1550.5
2025-08-19,116183.6,116687.7,112666.6,112824.2,141024.287,114220.5,-0.028914580026785264,116955.70000000001,118541.91428571429,1699.399999999999
2025-08-20,112824.1,114569.0,112301.8,114220.5,130522.37,112462.2,0.012375890987926352,115453.86666666668,117505.22857142858,2783.96666666666
2025-08-21,114220.5,114777.0,111944.0,112462.2,96406.356,116897.5,-0.015393909149408413,114409.43333333335,116204.74285714285,3060.899999999994
2025-08-22,112462.2,117397.4,111625.9,116897.5,199447.977,115377.1,0.03943814010396385,113168.96666666667,115379.02857142859,3040.4333333333293
2025-08-23,116897.5,116988.0,114510.0,115377.1,78419.415,113446.3,-0.013006266173356984,114526.73333333334,115324.5,3623.899999999999
2025-08-24,115377.1,115640.0,110484.0,113446.3,133388.002,110064.0,-0.016734689986141138,114912.26666666668,115045.55714285714,3694.1666666666665
2025-08-25,113446.2,113621.3,109219.8,110064.0,204839.785,111709.9,-0.02981410588093225,115240.3,114487.34285714287,4468.5
2025-08-26,110064.1,112330.0,108559.7,111709.9,145041.438,111194.9,0.01495402674807389,112962.46666666667,113613.1142857143,4011.8333333333335
2025-08-27,111710.0,112568.5,110306.9,111194.9,114205.122,112507.3,-0.004610155411472028,111740.0666666667,113453.92857142857,4442.600000000001
2025-08-28,111194.9,113429.0,110811.0,112507.3,97630.277,108332.4,0.011802699584243515,110989.60000000002,113021.7,3477.800000000003
2025-08-29,112507.3,112585.7,107411.4,108332.4,179725.172,108757.9,-0.03710781433738086,111804.03333333334,113028.14285714286,2883.300000000003
2025-08-30,108332.4,108879.6,107281.0,108757.9,60656.883,108208.4,0.003927726146563781,110678.20000000001,111804.55714285714,3351.300000000003
2025-08-31,108758.0,109439.9,108021.0,108208.4,70149.546,109187.9,-0.005052506530560108,109865.86666666668,110858.95714285714,3130.300000000003
2025-09-01,108208.4,109874.8,107211.5,109187.9,150280.626,111188.0,0.009051977480491358,108432.90000000001,110110.6857142857,2730.600000000001
2025-09-02,109187.9,111742.1,108333.0,111188.0,175961.356,111659.8,0.01831796380368167,108718.06666666667,109985.52857142857,1893.600000000001
2025-09-03,111187.9,112541.2,110486.9,111659.8,105504.421,110679.4,0.004243263661546148,109528.10000000002,109910.97142857143,2497.100000000001
2025-09-04,111659.7,112136.8,109269.1,110679.4,122300.369,110614.9,-0.008780241411860068,110678.56666666667,109977.3857142857,2708.9000000000037
2025-09-05,110679.5,113344.3,110153.3,110614.9,193375.404,110135.3,-0.0005827642723036375,111175.73333333335,109716.25714285714,2777.033333333335
2025-09-06,110614.8,111256.2,109850.0,110135.3,46282.516,111076.0,-0.004335763084358346,110984.70000000001,110042.32857142856,2704.3333333333335
2025-09-07,110135.2,111559.5,110120.5,111076.0,53840.584,112012.6,0.008541312367605913,110476.53333333334,110239.1,2488.299999999998
2025-09-08,111075.5,112867.6,110566.5,112012.6,99117.859,111499.9,0.008432064532392314,110608.73333333334,110648.75714285715,2012.0666666666657
2025-09-09,112012.7,113238.0,110714.9,111499.9,137275.133,113896.8,-0.004577163640519077,111074.63333333335,111052.28571428571,1715.4333333333343
2025-09-10,111499.9,114287.9,110855.8,113896.8,151901.539,115427.0,0.02149688026626051,111529.50000000001,111096.84285714287,2087.733333333337
2025-09-11,113896.8,115439.0,113340.7,115427.0,113066.078,115978.4,0.013434969200188274,112469.76666666668,111416.41428571429,2752.100000000001
2025-09-12,115427.0,116605.7,114681.5,115978.4,119013.718,115862.7,0.004777045232051469,113607.90000000001,112094.64285714286,2684.5
2025-09-13,115978.4,116245.4,115032.0,115862.7,52529.59,115210.0,-0.0009975995530201454,115100.73333333335,112860.85714285714,2484.8666666666636
2025-09-14,115862.7,116118.6,115057.0,115210.0,55087.99,115300.6,-0.0056333919371808205,115756.03333333334,113679.05714285713,1745.2999999999981
2025-09-15,115210.0,116759.9,114338.5,115300.6,117911.279,116747.3,0.000786390070306453,115683.70000000001,114269.62857142856,1399.7333333333324
2025-09-16,115300.5,116910.8,114600.0,116747.3,99446.184,116402.5,0.012547202703194982,115457.76666666668,114739.34285714287,1565.4666666666647
2025-09-17,116747.3,117266.4,114623.3,116402.5,158125.07,117017.1,-0.0029533873588512005,115752.63333333335,115488.97142857141,1931.2666666666676
2025-09-18,116402.6,117875.2,116033.5,117017.1,107215.717,115569.5,0.005279955327420094,116150.13333333335,115846.92857142857,2458.4333333333293
2025-09-19,117017.1,117406.8,115049.9,115569.5,88151.649,115624.9,-0.0123708415265803,116722.3,116074.08571428573,2265.199999999997
2025-09-20,115569.6,116059.2,115343.0,115624.9,32355.678,115183.9,0.00047936523044578294,116329.70000000001,116015.67142857143,2280.5666666666657
2025-09-21,115625.0,115778.0,115137.6,115183.9,32793.431,112604.7,-0.0038140573526982413,116070.5,115981.7,1638.2666666666676
2025-09-22,115183.9,115344.6,111469.2,112604.7,159461.568,111947.0,-0.022392018328950436,115459.43333333335,115977.97142857143,1237.8333333333333
2025-09-23,112604.7,113254.8,111405.1,111947.0,102258.264,113254.0,-0.005840786397015352,114471.16666666667,115592.84285714284,1744.0
2025-09-24,111947.0,113895.8,110935.0,113254.0,105314.096,108934.5,0.011675167713292911,113245.20000000001,114907.08571428571,2121.8333333333335
2025-09-25,113253.9,113462.1,108574.1,108934.5,178663.741,109588.5,-0.038139933247390845,112601.90000000001,114457.3,2895.300000000003
2025-09-26,108934.6,110250.0,108566.0,109588.5,112277.659,109577.3,0.006003607672500522,111378.5,113302.64285714286,3232.8333333333335
2025-09-27,109588.5,109700.0,109021.9,109577.3,35871.924,112119.6,-0.00010220050461495767,110592.33333333333,112448.21428571429,3177.600000000001
2025-09-28,109577.2,112300.0,109136.5,112119.6,77247.963,114257.1,0.023200973194265728,109366.76666666668,111584.27142857143,2416.700000000002
2025-09-29,112119.7,114377.2,111501.0,114257.1,125405.709,113988.8,0.01906446330525613,110428.46666666667,111146.51428571428,1841.8666666666686
2025-09-30,114257.1,114800.0,112615.3,113988.8,119320.015,118552.4,-0.002348212933813376,111984.66666666667,111382.57142857143,2239.266666666668
2025-10-01,113988.7,118631.8,113899.4,118552.4,172989.429,120481.3,0.040035512260853556,113455.16666666669,111674.25714285715,2741.466666666665
2025-10-02,118552.0,120999.0,118226.4,120481.3,145456.938,122182.7,0.016270442437268384,115599.43333333335,112431.17142857144,3264.4333333333343
2025-10-03,120481.3,123900.0,119200.0,122182.7,167880.262,122343.2,0.014121693574023375,117674.16666666667,114080.71428571429,3229.9000000000037
2025-10-04,122182.6,122781.1,121432.0,122343.2,70479.21,123426.7,0.0013136065907857208,120405.46666666667,115879.88571428573,4068.333333333338
2025-10-05,122343.2,125877.3,122088.1,123426.7,162571.0,124628.5,0.008856233938625113,121669.06666666667,117703.58571428571,2940.5666666666707
2025-10-06,123426.7,126208.5,123018.5,124628.5,140201.329,121286.5,0.009736953187600372,122650.86666666668,119318.88571428573,3279.4333333333343
2025-10-07,124628.6,125098.0,120516.0,121286.5,181899.347,123237.5,-0.02681569624925273,123466.13333333335,120800.5142857143,2776.100000000001
2025-10-08,121286.6,124170.6,121005.3,123237.5,127099.786,121579.3,0.01608587930231309,123113.90000000001,121843.04285714286,3853.733333333332
2025-10-09,123237.4,123740.1,119572.8,121579.3,163596.38,112714.9,-0.013455320012171645,123050.83333333333,122512.34285714287,3645.766666666668
2025-10-10,121579.4,122497.0,101516.5,112714.9,391963.632,110579.1,-0.07291043787881657,122034.43333333335,122669.2,3971.533333333335
2025-10-11,112715.0,113300.1,109501.0,110579.1,163671.59,114894.4,-0.01894869267505883,119177.23333333334,121316.65714285713,9437.700000000003
2025-10-12,110579.1,115730.3,109509.3,114894.4,217928.037,115111.9,0.03902455346444289,114957.76666666668,119636.07142857143,9648.966666666669
2025-10-13,114894.5,115912.0,113600.5,115111.9,195996.783,112983.8,0.001893042654820487,112729.46666666667,118417.17142857143,10333.533333333335
2025-10-14,115112.0,115360.2,109802.0,112983.8,259244.496,110699.0,-0.018487228514167398,113528.46666666667,117057.65714285713,4110.533333333336
2025-10-15,112983.9,113576.1,110096.9,110699.0,131777.09,108129.4,-0.020222368162515325,114330.03333333334,115871.55714285713,4696.899999999999
2025-10-16,110699.1,111960.0,107350.0,108129.4,193544.785,106378.6,-0.023212495144490974,112931.56666666667,114080.34285714284,3782.9666666666694
2025-10-17,108129.4,109199.8,103470.0,106378.6,242789.692,107117.5,-0.01619171104251005,110604.06666666667,112158.92857142857,4549.133333333336
2025-10-18,106378.5,107452.6,106270.0,107117.5,68509.903,108586.2,0.006945945895133088,108402.33333333336,111253.74285714285,4606.3333333333385
2025-10-19,107117.5,109399.9,106055.8,108586.2,113473.72,110469.9,0.01371111162975236,107208.50000000001,110759.22857142857,3840.800000000003
2025-10-20,108586.2,111650.0,107377.2,110469.9,139646.949,108253.7,0.017347508246904342,107360.76666666668,109858.05714285714,3418.8333333333335
2025-10-21,110469.9,113940.0,107400.0,108253.7,241127.426,107532.0,-0.02006157333355052,108724.53333333334,109194.91428571427,2933.1666666666665
2025-10-22,108253.8,109160.0,106360.3,107532.0,180893.983,110025.9,-0.006666746725516037,109103.26666666668,108519.18571428572,4718.966666666664
2025-10-23,107532.1,111240.0,107462.9,110025.9,129640.717,110965.4,0.023192166052895757,108751.86666666668,108066.75714285715,4537.5
2025-10-24,110026.0,112086.0,109650.0,110965.4,110759.532,111589.4,0.008538898568428044,108603.86666666668,108337.68571428572,4372.266666666667
2025-10-25,110965.4,111903.9,110600.5,111589.4,45269.483,114497.8,0.005623374493310518,109507.76666666666,108992.94285714286,3004.266666666668
2025-10-26,111589.4,115521.7,111200.0,114497.8,97335.387,114064.1,0.026063407456263787,110860.23333333334,109631.78571428571,2505.5
2025-10-27,114497.9,116380.2,113792.4,114064.1,118611.612,112833.5,-0.0037878457053323045,112350.86666666668,110476.3,2687.0333333333306
2025-10-28,114064.2,116074.3,112121.4,112833.5,131088.84,109985.6,-0.010788670580840098,113383.76666666668,110989.75714285714,2737.6333333333314
2025-10-29,112833.5,113593.0,109026.4,109985.6,163920.866,108263.5,-0.02523984454971262,113798.46666666667,111644.01428571428,3620.800000000003
2025-10-30,109985.6,111565.1,106200.0,108263.5,205753.644,109557.3,-0.015657504255102483,112294.40000000002,111994.52857142857,3702.4333333333393
2025-10-31,108263.6,111233.0,108226.6,109557.3,152063.776,110047.2,0.011950472689318259,110360.86666666668,111742.75714285714,4628.200000000007
2025-11-01,109557.2,110557.0,109351.5,110047.2,41614.221,110494.9,0.004471632652502278,109268.8,111541.6,4312.700000000002
2025-11-02,110047.3,111216.0,109368.9,110494.9,61109.173,106544.0,0.004068254349042899,109289.33333333333,111321.28571428571,3192.3333333333335
2025-11-03,110494.9,110711.0,105300.0,106544.0,174258.047,101450.3,-0.035756401426672135,110033.13333333335,110749.44285714286,2019.6666666666667
2025-11-04,106544.0,107271.9,98888.8,101450.3,281742.16,103837.0,-0.0478084171797567,109028.70000000001,109675.14285714286,2821.200000000002
2025-11-05,101450.2,104497.6,98909.7,103837.0,167770.094,101305.6,0.023525805246509934,106163.06666666667,108048.97142857143,5213.733333333333
2025-11-06,103837.0,104210.2,100238.4,101305.6,145029.821,103305.2,-0.024378593372304636,103943.76666666668,107170.6,6460.666666666667
2025-11-07,101305.6,104070.7,99200.0,103305.2,163967.458,102269.3,0.019738296797018107,102197.63333333335,106176.6142857143,5980.933333333334
2025-11-08,103305.3,103373.8,101400.1,102269.3,70691.949,104670.6,-0.010027568796149633,102815.93333333335,105283.45714285714,4810.133333333336
2025-11-09,102269.3,105440.0,101300.0,104670.6,92367.67,105966.3,0.02348016462418334,102293.36666666668,104172.32857142857,3605.399999999999
2025-11-10,104670.7,106666.0,104205.9,105966.3,120403.538,103005.8,0.012378834171199893,103415.03333333334,103340.28571428571,3661.466666666665
2025-11-11,105966.3,107473.7,102400.0,103005.8,132603.774,101605.8,-0.027938127499025578,104302.0666666667,103257.75714285715,2857.9333333333343
2025-11-12,103005.8,105297.0,100711.0,101605.8,140876.276,99654.3,-0.013591467664927581,104547.5666666667,103479.97142857141,3891.266666666668
2025-11-13,101605.8,104024.6,97959.0,99654.3,236046.799,94544.9,-0.019206580726690792,103525.96666666667,103161.22857142857,4039.9333333333343
2025-11-14,99654.3,99862.8,93955.0,94544.9,287072.783,95560.3,-0.05127124469290345,101421.96666666667,102925.32857142857,5241.766666666667
2025-11-15,94544.9,96800.0,94523.9,95560.3,90220.319,94221.7,0.010739870685779973,98601.66666666669,101673.85714285714,5519.800000000003
2025-11-16,95560.4,96600.0,92922.8,94221.7,135749.509,92169.7,-0.014007909142185637,96586.5,100715.42857142857,4749.8333333333385
2025-11-17,94221.7,96012.2,91250.0,92169.7,205161.285,92916.9,-0.021778422592672375,94775.63333333335,99222.72857142857,3953.700000000002
2025-11-18,92169.8,93799.1,89012.0,92916.9,232691.156,91508.9,0.008106785635626501,93983.90000000001,97251.78571428571,3571.8333333333335
2025-11-19,92916.8,92944.8,88564.4,91508.9,226438.45,86601.3,-0.015153325175506271,93102.76666666668,95810.5142857143,4408.833333333333
2025-11-20,91509.0,93150.0,86066.6,86601.3,276513.027,85093.5,-0.053629756231361014,92198.5,94368.09999999999,4643.233333333337
2025-11-21,86601.4,87465.4,80600.0,85093.5,449804.324,84689.4,-0.017410824086936394,90342.36666666668,92503.3857142857,5416.96666666667
2025-11-22,85093.6,85599.9,83456.0,84689.4,94197.055,86807.7,-0.004748893863808723,87734.56666666667,91153.18571428572,6109.733333333333
2025-11-23,84689.4,88100.0,84622.0,86807.7,138930.073,88247.1,0.02501257536362278,85461.40000000001,89600.2,5364.233333333327
2025-11-24,86807.6,89177.3,85226.4,88247.1,211113.332,87324.1,0.01658147837115842,85530.20000000001,88541.05714285714,4162.43333333333
2025-11-25,88247.1,88477.6,86061.1,87324.1,149637.655,90438.1,-0.010459267216713086,86581.40000000001,87980.6857142857,3190.9333333333343
2025-11-26,87324.1,90655.4,86260.9,90438.1,159146.533,91292.2,0.03566025873727874,87459.63333333335,87181.71428571429,3281.800000000003
2025-11-27,90438.0,91931.9,90024.4,91292.2,113685.232,90847.8,0.009444028567605844,88669.76666666668,87028.74285714285,3587.300000000003
2025-11-28,91292.2,93080.0,90155.0,90847.8,146920.347,90765.0,-0.004867885755847623,89684.8,87698.87142857142,2906.1666666666665
2025-11-29,90847.8,91130.0,90092.7,90765.0,54196.679,90320.6,-0.0009114144756394715,90859.36666666668,88520.91428571429,3075.6666666666665
2025-11-30,90764.9,91934.4,90300.0,90320.6,66139.718,86241.6,-0.004896160414256556,90968.33333333333,89388.85714285714,1956.600000000001
2025-12-01,90320.5,90396.9,83786.0,86241.6,296847.166,91249.1,-0.04516134746669087,90644.46666666667,89890.7,1865.5666666666657
2025-12-02,86241.5,92273.2,86140.1,91249.1,228101.165,93376.7,0.05806362590675507,89109.0666666667,89604.2,3094.199999999997
2025-12-03,91249.1,94185.0,90954.8,93376.7,201298.317,92034.7,0.02331639435347843,89270.43333333335,90164.9142857143,4792.799999999993
2025-12-04,93376.8,94040.0,90822.5,92034.7,146772.427,89288.5,-0.014371893630852228,90289.13333333335,90584.71428571429,5324.733333333327
2025-12-05,92034.7,92665.5,87976.3,89288.5,179125.057,89197.1,-0.029838745603560368,92220.16666666667,90690.78571428571,4193.599999999996
2025-12-06,89288.6,90257.3,88870.1,89197.1,56826.867,90345.4,-0.00102364806218036,91566.63333333335,90468.02857142857,3712.299999999998
2025-12-07,89197.1,91722.0,87688.0,90345.4,129592.005,90610.8,0.012873736926424684,90173.43333333335,90244.04285714286,3097.966666666665
2025-12-08,90345.4,92262.6,89553.8,90610.8,152474.739,92638.4,0.002937614975416558,89610.33333333333,90247.58571428571,3370.1333333333314
2025-12-09,90610.8,94555.0,89368.9,92638.4,181930.263,91977.5,0.02237702348947357,90051.10000000002,90871.75714285715,2710.0
2025-12-10,92638.3,94443.7,91520.0,91977.5,160488.78,92477.5,-0.007134190573239496,91198.20000000001,91070.22857142857,3976.300000000003
2025-12-11,91977.5,93547.3,89200.0,92477.5,191148.068,90229.6,0.0054361120926313955,91742.23333333334,90870.34285714287,3606.200000000002
2025-12-12,92477.6,92719.0,89429.0,90229.6,144844.11,90191.3,-0.02430753426509147,92364.46666666667,90933.6,4152.366666666669
2025-12-13,90229.7,90599.0,89711.9,90191.3,36237.733,88118.8,-0.00042447267858891635,91561.53333333334,91068.04285714286,3520.3333333333335
2025-12-14,90191.3,90440.0,87504.3,88118.8,92086.654,86389.9,-0.022978934775305326,90966.13333333335,91210.07142857143,2841.4666666666694
2025-12-15,88118.8,89972.4,85073.0,86389.9,194216.045,87826.3,-0.019620103769002806,89513.23333333334,90891.98571428572,2370.9333333333343
2025-12-16,86390.0,88143.9,85226.0,87826.3,142225.048,86201.6,0.016626943658923254,88233.33333333336,90289.0,2907.399999999999
2025-12-17,87826.3,90363.2,85261.3,86201.6,208646.748,85469.7,-0.01849901453209346,87445.0,89601.55714285713,3584.3333333333285
2025-12-18,86201.6,89447.9,84408.6,85469.7,229573.679,88100.0,-0.008490561660108531,86805.93333333335,88776.42857142857,4306.399999999994
2025-12-19,85469.8,89374.6,85062.7,88100.0,178284.494,88320.8,0.030774648793666204,86499.20000000001,87775.31428571428,4353.033333333326
2025-12-20,88100.0,88551.8,87698.5,88320.8,35973.848,88621.3,0.0025062429057889357,86590.43333333335,87471.08571428571,4817.699999999997
2025-12-21,88320.7,89050.0,87548.5,88621.3,67624.388,88581.5,0.003402369543754169,87296.83333333334,87203.87142857142,3401.5
2025-12-22,88621.3,90599.0,87845.0,88581.5,154693.469,87463.0,-0.0004491019653288797,88347.36666666668,87275.65714285713,2222.233333333337
2025-12-23,88581.5,88904.9,86536.0,87463.0,133657.948,87627.3,-0.012626790018231748,88507.86666666668,87588.74285714285,1702.9333333333343
2025-12-24,87463.1,88033.3,86355.0,87627.3,81543.508,87182.8,0.00187850862650496,88221.93333333335,87536.84285714284,2208.1333333333314
2025-12-25,87627.4,88594.0,86902.1,87182.8,57796.252,87318.2,-0.005072620062469113,87890.60000000002,87740.51428571428,2267.0666666666657
2025-12-26,87182.8,89557.6,86619.9,87318.2,149971.737,87829.4,0.0015530586308307726,87424.36666666668,87985.24285714286,1913.0333333333303
2025-12-27,87318.3,87956.9,87203.0,87829.4,27294.109,87920.5,0.0058544495878292135,87376.10000000002,87873.55714285714,2102.6333333333364
2025-12-28,87829.5,88078.3,87402.6,87920.5,37359.964,87203.3,0.0010372381002261566,87443.46666666667,87803.35714285714,1794.5
2025-12-29,87920.4,90373.4,86760.0,87203.3,190004.209,88455.3,-0.008157369441711526,87689.36666666668,87703.24285714286,1455.7666666666676
